-- OneMove MVP Seed Data
-- Auto-generated by scripts/generate-seed.ts
-- DO NOT EDIT DIRECTLY

-- Disable Triggers temporarily
SET session_replication_role = 'replica';

-- Auth Users & Profiles
INSERT INTO auth.users (id, email, raw_user_meta_data, created_at, updated_at) VALUES ('b438b6fa-765b-4706-8b22-88adb9b5534a', 'customer0@example.com', '{"name":"Kathleen Hahn"}', NOW(), NOW());
INSERT INTO profiles (id, role, full_name, phone, created_at, updated_at) VALUES ('b438b6fa-765b-4706-8b22-88adb9b5534a', 'customer', 'Kathleen Hahn', '1-956-234-8249 x56186', NOW(), NOW());
INSERT INTO auth.users (id, email, raw_user_meta_data, created_at, updated_at) VALUES ('8546ae8a-99ad-41c3-9391-eab09822b5b8', 'customer1@example.com', '{"name":"Flo Haag"}', NOW(), NOW());
INSERT INTO profiles (id, role, full_name, phone, created_at, updated_at) VALUES ('8546ae8a-99ad-41c3-9391-eab09822b5b8', 'customer', 'Flo Haag', '937.661.3235 x6113', NOW(), NOW());
INSERT INTO auth.users (id, email, raw_user_meta_data, created_at, updated_at) VALUES ('ad8d6552-d589-480f-8e34-8ef49c6b29df', 'customer2@example.com', '{"name":"Joanne Botsford"}', NOW(), NOW());
INSERT INTO profiles (id, role, full_name, phone, created_at, updated_at) VALUES ('ad8d6552-d589-480f-8e34-8ef49c6b29df', 'customer', 'Joanne Botsford', '1-647-707-8172 x36168', NOW(), NOW());
INSERT INTO auth.users (id, email, raw_user_meta_data, created_at, updated_at) VALUES ('b77c919d-5ec9-4c1d-bde2-1266813c7c08', 'customer3@example.com', '{"name":"Norman Ortiz"}', NOW(), NOW());
INSERT INTO profiles (id, role, full_name, phone, created_at, updated_at) VALUES ('b77c919d-5ec9-4c1d-bde2-1266813c7c08', 'customer', 'Norman Ortiz', '1-274-250-6975 x1660', NOW(), NOW());
INSERT INTO auth.users (id, email, raw_user_meta_data, created_at, updated_at) VALUES ('c86c6725-d26f-43ee-8178-50313ce04f8a', 'customer4@example.com', '{"name":"Garret Koepp II"}', NOW(), NOW());
INSERT INTO profiles (id, role, full_name, phone, created_at, updated_at) VALUES ('c86c6725-d26f-43ee-8178-50313ce04f8a', 'customer', 'Garret Koepp II', '824-741-9680 x25092', NOW(), NOW());
INSERT INTO auth.users (id, email, raw_user_meta_data, created_at, updated_at) VALUES ('53134a45-0582-494a-80e0-2c0bfdbf6d5e', 'customer5@example.com', '{"name":"Ronaldo Metz"}', NOW(), NOW());
INSERT INTO profiles (id, role, full_name, phone, created_at, updated_at) VALUES ('53134a45-0582-494a-80e0-2c0bfdbf6d5e', 'customer', 'Ronaldo Metz', '202.935.5256 x2449', NOW(), NOW());
INSERT INTO auth.users (id, email, raw_user_meta_data, created_at, updated_at) VALUES ('9f8807e3-065d-40ea-9e9c-556c53fe5a43', 'customer6@example.com', '{"name":"Raymundo Williamson"}', NOW(), NOW());
INSERT INTO profiles (id, role, full_name, phone, created_at, updated_at) VALUES ('9f8807e3-065d-40ea-9e9c-556c53fe5a43', 'customer', 'Raymundo Williamson', '231.263.5162', NOW(), NOW());
INSERT INTO auth.users (id, email, raw_user_meta_data, created_at, updated_at) VALUES ('4b858be9-3bc3-4d7c-935f-acb37ca015f7', 'customer7@example.com', '{"name":"Jeanette Stamm"}', NOW(), NOW());
INSERT INTO profiles (id, role, full_name, phone, created_at, updated_at) VALUES ('4b858be9-3bc3-4d7c-935f-acb37ca015f7', 'customer', 'Jeanette Stamm', '939-274-4003 x963', NOW(), NOW());
INSERT INTO auth.users (id, email, raw_user_meta_data, created_at, updated_at) VALUES ('9325d84f-d5ff-46a6-b414-462f1a765d40', 'customer8@example.com', '{"name":"Mr. Johnny Botsford"}', NOW(), NOW());
INSERT INTO profiles (id, role, full_name, phone, created_at, updated_at) VALUES ('9325d84f-d5ff-46a6-b414-462f1a765d40', 'customer', 'Mr. Johnny Botsford', '1-920-279-4358 x6271', NOW(), NOW());
INSERT INTO auth.users (id, email, raw_user_meta_data, created_at, updated_at) VALUES ('293b54f0-a0c3-41ab-9a04-74c29fe30fee', 'customer9@example.com', '{"name":"Gilbert Champlin IV"}', NOW(), NOW());
INSERT INTO profiles (id, role, full_name, phone, created_at, updated_at) VALUES ('293b54f0-a0c3-41ab-9a04-74c29fe30fee', 'customer', 'Gilbert Champlin IV', '1-495-889-3354 x934', NOW(), NOW());
INSERT INTO auth.users (id, email, raw_user_meta_data, created_at, updated_at) VALUES ('96f13524-c80f-490a-a629-ba388b5ca08d', 'customer10@example.com', '{"name":"Olivia Schumm"}', NOW(), NOW());
INSERT INTO profiles (id, role, full_name, phone, created_at, updated_at) VALUES ('96f13524-c80f-490a-a629-ba388b5ca08d', 'customer', 'Olivia Schumm', '526-275-8501 x7443', NOW(), NOW());
INSERT INTO auth.users (id, email, raw_user_meta_data, created_at, updated_at) VALUES ('4f6eaddf-bcb9-4bb0-b8c3-766187a800bb', 'customer11@example.com', '{"name":"Luke Fadel"}', NOW(), NOW());
INSERT INTO profiles (id, role, full_name, phone, created_at, updated_at) VALUES ('4f6eaddf-bcb9-4bb0-b8c3-766187a800bb', 'customer', 'Luke Fadel', '(714) 901-2991', NOW(), NOW());
INSERT INTO auth.users (id, email, raw_user_meta_data, created_at, updated_at) VALUES ('fc8ee6aa-5274-45f7-9a5f-a31ff903ce75', 'customer12@example.com', '{"name":"Tricia Cruickshank"}', NOW(), NOW());
INSERT INTO profiles (id, role, full_name, phone, created_at, updated_at) VALUES ('fc8ee6aa-5274-45f7-9a5f-a31ff903ce75', 'customer', 'Tricia Cruickshank', '1-881-925-5965 x5710', NOW(), NOW());
INSERT INTO auth.users (id, email, raw_user_meta_data, created_at, updated_at) VALUES ('f755c6c7-d177-44fe-a713-475c7df39df4', 'customer13@example.com', '{"name":"Andreane Ziemann"}', NOW(), NOW());
INSERT INTO profiles (id, role, full_name, phone, created_at, updated_at) VALUES ('f755c6c7-d177-44fe-a713-475c7df39df4', 'customer', 'Andreane Ziemann', '666.386.0610', NOW(), NOW());
INSERT INTO auth.users (id, email, raw_user_meta_data, created_at, updated_at) VALUES ('8dd1ab4f-418b-4359-8eb3-48c989c8efec', 'customer14@example.com', '{"name":"Marsha Romaguera"}', NOW(), NOW());
INSERT INTO profiles (id, role, full_name, phone, created_at, updated_at) VALUES ('8dd1ab4f-418b-4359-8eb3-48c989c8efec', 'customer', 'Marsha Romaguera', '684-659-7519 x26922', NOW(), NOW());
INSERT INTO auth.users (id, email, raw_user_meta_data, created_at, updated_at) VALUES ('dd542fde-8105-4efd-b263-3a7518564680', 'customer15@example.com', '{"name":"Doug Hoppe-Powlowski"}', NOW(), NOW());
INSERT INTO profiles (id, role, full_name, phone, created_at, updated_at) VALUES ('dd542fde-8105-4efd-b263-3a7518564680', 'customer', 'Doug Hoppe-Powlowski', '1-390-522-8301 x892', NOW(), NOW());
INSERT INTO auth.users (id, email, raw_user_meta_data, created_at, updated_at) VALUES ('a1b6e4f8-5a33-43f7-ac79-9fa30376cc1f', 'customer16@example.com', '{"name":"Mark Pacocha MD"}', NOW(), NOW());
INSERT INTO profiles (id, role, full_name, phone, created_at, updated_at) VALUES ('a1b6e4f8-5a33-43f7-ac79-9fa30376cc1f', 'customer', 'Mark Pacocha MD', '(266) 286-0542 x03633', NOW(), NOW());
INSERT INTO auth.users (id, email, raw_user_meta_data, created_at, updated_at) VALUES ('ccb188be-56ba-4853-b211-d60e343f1bea', 'customer17@example.com', '{"name":"Maud Strosin"}', NOW(), NOW());
INSERT INTO profiles (id, role, full_name, phone, created_at, updated_at) VALUES ('ccb188be-56ba-4853-b211-d60e343f1bea', 'customer', 'Maud Strosin', '1-854-505-4114 x09330', NOW(), NOW());
INSERT INTO auth.users (id, email, raw_user_meta_data, created_at, updated_at) VALUES ('6005d702-bbc5-45c6-9b95-11e7f5355a0c', 'customer18@example.com', '{"name":"Joanna Hegmann"}', NOW(), NOW());
INSERT INTO profiles (id, role, full_name, phone, created_at, updated_at) VALUES ('6005d702-bbc5-45c6-9b95-11e7f5355a0c', 'customer', 'Joanna Hegmann', '1-662-650-5248 x340', NOW(), NOW());
INSERT INTO auth.users (id, email, raw_user_meta_data, created_at, updated_at) VALUES ('4a534f17-082a-44b5-b041-74a705791a52', 'customer19@example.com', '{"name":"Maximus Anderson"}', NOW(), NOW());
INSERT INTO profiles (id, role, full_name, phone, created_at, updated_at) VALUES ('4a534f17-082a-44b5-b041-74a705791a52', 'customer', 'Maximus Anderson', '1-863-583-0493 x1013', NOW(), NOW());
INSERT INTO auth.users (id, email, raw_user_meta_data, created_at, updated_at) VALUES ('9a0e328a-4a4e-4e12-9b0d-5b031267eab1', 'customer20@example.com', '{"name":"Rex Boehm"}', NOW(), NOW());
INSERT INTO profiles (id, role, full_name, phone, created_at, updated_at) VALUES ('9a0e328a-4a4e-4e12-9b0d-5b031267eab1', 'customer', 'Rex Boehm', '929-729-8116', NOW(), NOW());
INSERT INTO auth.users (id, email, raw_user_meta_data, created_at, updated_at) VALUES ('1913f794-7280-40a0-8843-94722118ccf2', 'customer21@example.com', '{"name":"Noemie Crona"}', NOW(), NOW());
INSERT INTO profiles (id, role, full_name, phone, created_at, updated_at) VALUES ('1913f794-7280-40a0-8843-94722118ccf2', 'customer', 'Noemie Crona', '405.771.3441 x3575', NOW(), NOW());
INSERT INTO auth.users (id, email, raw_user_meta_data, created_at, updated_at) VALUES ('6e9fdaef-3be0-4c1e-8920-d2f1d6dcd7b5', 'customer22@example.com', '{"name":"Gwen Aufderhar"}', NOW(), NOW());
INSERT INTO profiles (id, role, full_name, phone, created_at, updated_at) VALUES ('6e9fdaef-3be0-4c1e-8920-d2f1d6dcd7b5', 'customer', 'Gwen Aufderhar', '1-204-792-1021 x0210', NOW(), NOW());
INSERT INTO auth.users (id, email, raw_user_meta_data, created_at, updated_at) VALUES ('5d4bb0f2-b6df-43d8-8fa9-3b4df0f57ec3', 'customer23@example.com', '{"name":"Rubye Kulas"}', NOW(), NOW());
INSERT INTO profiles (id, role, full_name, phone, created_at, updated_at) VALUES ('5d4bb0f2-b6df-43d8-8fa9-3b4df0f57ec3', 'customer', 'Rubye Kulas', '(477) 887-3799 x906', NOW(), NOW());
INSERT INTO auth.users (id, email, raw_user_meta_data, created_at, updated_at) VALUES ('33dc5830-eb80-4662-8229-13f3c96927f6', 'customer24@example.com', '{"name":"Mireille Anderson"}', NOW(), NOW());
INSERT INTO profiles (id, role, full_name, phone, created_at, updated_at) VALUES ('33dc5830-eb80-4662-8229-13f3c96927f6', 'customer', 'Mireille Anderson', '788.924.5142 x83008', NOW(), NOW());
INSERT INTO auth.users (id, email, raw_user_meta_data, created_at, updated_at) VALUES ('de166d44-b2ab-423b-acf4-82645ccb14f7', 'customer25@example.com', '{"name":"Melissa Buckridge"}', NOW(), NOW());
INSERT INTO profiles (id, role, full_name, phone, created_at, updated_at) VALUES ('de166d44-b2ab-423b-acf4-82645ccb14f7', 'customer', 'Melissa Buckridge', '308.858.1205 x86066', NOW(), NOW());
INSERT INTO auth.users (id, email, raw_user_meta_data, created_at, updated_at) VALUES ('2de649fb-ccfd-4433-a33e-f11d9371f2cf', 'customer26@example.com', '{"name":"Brannon Pacocha Sr."}', NOW(), NOW());
INSERT INTO profiles (id, role, full_name, phone, created_at, updated_at) VALUES ('2de649fb-ccfd-4433-a33e-f11d9371f2cf', 'customer', 'Brannon Pacocha Sr.', '616.634.7399 x086', NOW(), NOW());
INSERT INTO auth.users (id, email, raw_user_meta_data, created_at, updated_at) VALUES ('0fddee3e-0e7d-44cc-b1ed-9b5727c82db0', 'customer27@example.com', '{"name":"Gene Shields"}', NOW(), NOW());
INSERT INTO profiles (id, role, full_name, phone, created_at, updated_at) VALUES ('0fddee3e-0e7d-44cc-b1ed-9b5727c82db0', 'customer', 'Gene Shields', '(494) 908-6534 x247', NOW(), NOW());
INSERT INTO auth.users (id, email, raw_user_meta_data, created_at, updated_at) VALUES ('aae03b6a-ebe2-4cb0-b008-c602f3d58725', 'customer28@example.com', '{"name":"Julio Mann"}', NOW(), NOW());
INSERT INTO profiles (id, role, full_name, phone, created_at, updated_at) VALUES ('aae03b6a-ebe2-4cb0-b008-c602f3d58725', 'customer', 'Julio Mann', '(427) 946-0136', NOW(), NOW());
INSERT INTO auth.users (id, email, raw_user_meta_data, created_at, updated_at) VALUES ('a32f571e-a860-43d9-b335-988dddb64f09', 'customer29@example.com', '{"name":"Shanon Glover Sr."}', NOW(), NOW());
INSERT INTO profiles (id, role, full_name, phone, created_at, updated_at) VALUES ('a32f571e-a860-43d9-b335-988dddb64f09', 'customer', 'Shanon Glover Sr.', '615.652.8928', NOW(), NOW());
INSERT INTO auth.users (id, email, raw_user_meta_data, created_at, updated_at) VALUES ('45c20621-924b-41f4-98c3-536bb27bba3d', 'customer30@example.com', '{"name":"Sharon Prohaska"}', NOW(), NOW());
INSERT INTO profiles (id, role, full_name, phone, created_at, updated_at) VALUES ('45c20621-924b-41f4-98c3-536bb27bba3d', 'customer', 'Sharon Prohaska', '(379) 716-4097 x683', NOW(), NOW());
INSERT INTO auth.users (id, email, raw_user_meta_data, created_at, updated_at) VALUES ('a718a721-ade6-4fd6-b651-034b2bb71be5', 'customer31@example.com', '{"name":"Anthony Sipes Sr."}', NOW(), NOW());
INSERT INTO profiles (id, role, full_name, phone, created_at, updated_at) VALUES ('a718a721-ade6-4fd6-b651-034b2bb71be5', 'customer', 'Anthony Sipes Sr.', '(427) 548-2581 x5878', NOW(), NOW());
INSERT INTO auth.users (id, email, raw_user_meta_data, created_at, updated_at) VALUES ('0b38c6bd-f856-4d3e-80f1-e88ffcaa2761', 'customer32@example.com', '{"name":"Isidro Fritsch"}', NOW(), NOW());
INSERT INTO profiles (id, role, full_name, phone, created_at, updated_at) VALUES ('0b38c6bd-f856-4d3e-80f1-e88ffcaa2761', 'customer', 'Isidro Fritsch', '1-380-939-0359', NOW(), NOW());
INSERT INTO auth.users (id, email, raw_user_meta_data, created_at, updated_at) VALUES ('1c9af558-a4b1-430b-afc2-4a4648d38a04', 'customer33@example.com', '{"name":"Dr. Stuart Huels"}', NOW(), NOW());
INSERT INTO profiles (id, role, full_name, phone, created_at, updated_at) VALUES ('1c9af558-a4b1-430b-afc2-4a4648d38a04', 'customer', 'Dr. Stuart Huels', '218-563-7886 x882', NOW(), NOW());
INSERT INTO auth.users (id, email, raw_user_meta_data, created_at, updated_at) VALUES ('94ae7d0d-f5bd-4163-8b60-431853e528ec', 'customer34@example.com', '{"name":"Tasha D'Amore"}', NOW(), NOW());
INSERT INTO profiles (id, role, full_name, phone, created_at, updated_at) VALUES ('94ae7d0d-f5bd-4163-8b60-431853e528ec', 'customer', 'Tasha D'Amore', '(300) 712-6893 x2779', NOW(), NOW());
INSERT INTO auth.users (id, email, raw_user_meta_data, created_at, updated_at) VALUES ('1e2bf3bc-4e13-4413-8c48-29931ba7efbf', 'customer35@example.com', '{"name":"Garth Welch"}', NOW(), NOW());
INSERT INTO profiles (id, role, full_name, phone, created_at, updated_at) VALUES ('1e2bf3bc-4e13-4413-8c48-29931ba7efbf', 'customer', 'Garth Welch', '(784) 918-2677 x49172', NOW(), NOW());
INSERT INTO auth.users (id, email, raw_user_meta_data, created_at, updated_at) VALUES ('b30cd2c5-99e9-4d6a-93be-6a80ec61583d', 'customer36@example.com', '{"name":"Myrtle Predovic"}', NOW(), NOW());
INSERT INTO profiles (id, role, full_name, phone, created_at, updated_at) VALUES ('b30cd2c5-99e9-4d6a-93be-6a80ec61583d', 'customer', 'Myrtle Predovic', '1-939-904-6030 x642', NOW(), NOW());
INSERT INTO auth.users (id, email, raw_user_meta_data, created_at, updated_at) VALUES ('c85ef2f9-e400-4607-bbab-9f3ef06a9fa9', 'customer37@example.com', '{"name":"Haley Will"}', NOW(), NOW());
INSERT INTO profiles (id, role, full_name, phone, created_at, updated_at) VALUES ('c85ef2f9-e400-4607-bbab-9f3ef06a9fa9', 'customer', 'Haley Will', '857.414.6560 x427', NOW(), NOW());
INSERT INTO auth.users (id, email, raw_user_meta_data, created_at, updated_at) VALUES ('89941649-3352-46dd-9159-3eb31136c20e', 'customer38@example.com', '{"name":"Ms. Jasmine Rau"}', NOW(), NOW());
INSERT INTO profiles (id, role, full_name, phone, created_at, updated_at) VALUES ('89941649-3352-46dd-9159-3eb31136c20e', 'customer', 'Ms. Jasmine Rau', '372.704.3086 x7635', NOW(), NOW());
INSERT INTO auth.users (id, email, raw_user_meta_data, created_at, updated_at) VALUES ('225a9c8a-0ede-4228-adb4-73991a10d37f', 'customer39@example.com', '{"name":"Creola Mann"}', NOW(), NOW());
INSERT INTO profiles (id, role, full_name, phone, created_at, updated_at) VALUES ('225a9c8a-0ede-4228-adb4-73991a10d37f', 'customer', 'Creola Mann', '554-879-2126', NOW(), NOW());
INSERT INTO auth.users (id, email, raw_user_meta_data, created_at, updated_at) VALUES ('4aa1b534-e9a3-45c5-8d3b-1daf0200daa6', 'customer40@example.com', '{"name":"Thelma Gutkowski"}', NOW(), NOW());
INSERT INTO profiles (id, role, full_name, phone, created_at, updated_at) VALUES ('4aa1b534-e9a3-45c5-8d3b-1daf0200daa6', 'customer', 'Thelma Gutkowski', '683-786-0518', NOW(), NOW());
INSERT INTO auth.users (id, email, raw_user_meta_data, created_at, updated_at) VALUES ('6743268e-65db-41bf-977b-355f2274d6ad', 'customer41@example.com', '{"name":"Domingo Mann"}', NOW(), NOW());
INSERT INTO profiles (id, role, full_name, phone, created_at, updated_at) VALUES ('6743268e-65db-41bf-977b-355f2274d6ad', 'customer', 'Domingo Mann', '1-969-218-4424', NOW(), NOW());
INSERT INTO auth.users (id, email, raw_user_meta_data, created_at, updated_at) VALUES ('7bacc645-f6c1-4652-904c-4d9cfa54fb83', 'customer42@example.com', '{"name":"Mr. Malachi Konopelski"}', NOW(), NOW());
INSERT INTO profiles (id, role, full_name, phone, created_at, updated_at) VALUES ('7bacc645-f6c1-4652-904c-4d9cfa54fb83', 'customer', 'Mr. Malachi Konopelski', '(855) 564-5218 x311', NOW(), NOW());
INSERT INTO auth.users (id, email, raw_user_meta_data, created_at, updated_at) VALUES ('64b5922e-de71-44e6-b548-7564330ff116', 'customer43@example.com', '{"name":"Earl Collier I"}', NOW(), NOW());
INSERT INTO profiles (id, role, full_name, phone, created_at, updated_at) VALUES ('64b5922e-de71-44e6-b548-7564330ff116', 'customer', 'Earl Collier I', '231-995-3396 x4752', NOW(), NOW());
INSERT INTO auth.users (id, email, raw_user_meta_data, created_at, updated_at) VALUES ('34049c1f-70f4-4475-a228-1b5f1045ddbd', 'customer44@example.com', '{"name":"Duane Hickle"}', NOW(), NOW());
INSERT INTO profiles (id, role, full_name, phone, created_at, updated_at) VALUES ('34049c1f-70f4-4475-a228-1b5f1045ddbd', 'customer', 'Duane Hickle', '(844) 217-8075 x44700', NOW(), NOW());
INSERT INTO auth.users (id, email, raw_user_meta_data, created_at, updated_at) VALUES ('df36bace-482f-4c2b-ac27-d505c14d2682', 'customer45@example.com', '{"name":"Ryder Abernathy"}', NOW(), NOW());
INSERT INTO profiles (id, role, full_name, phone, created_at, updated_at) VALUES ('df36bace-482f-4c2b-ac27-d505c14d2682', 'customer', 'Ryder Abernathy', '(379) 682-7746 x02028', NOW(), NOW());
INSERT INTO auth.users (id, email, raw_user_meta_data, created_at, updated_at) VALUES ('0784c937-00b2-4f5b-a76a-ae189aa50b07', 'customer46@example.com', '{"name":"Bethany Ondricka"}', NOW(), NOW());
INSERT INTO profiles (id, role, full_name, phone, created_at, updated_at) VALUES ('0784c937-00b2-4f5b-a76a-ae189aa50b07', 'customer', 'Bethany Ondricka', '411.280.8081 x07020', NOW(), NOW());
INSERT INTO auth.users (id, email, raw_user_meta_data, created_at, updated_at) VALUES ('12bf3654-b482-4da8-a93d-1e9f4ea0191b', 'customer47@example.com', '{"name":"Kendall Quigley"}', NOW(), NOW());
INSERT INTO profiles (id, role, full_name, phone, created_at, updated_at) VALUES ('12bf3654-b482-4da8-a93d-1e9f4ea0191b', 'customer', 'Kendall Quigley', '(546) 946-5060 x51677', NOW(), NOW());
INSERT INTO auth.users (id, email, raw_user_meta_data, created_at, updated_at) VALUES ('9f50d78d-451a-43d9-8e0f-68a7862fc90e', 'customer48@example.com', '{"name":"Ralph Kirlin"}', NOW(), NOW());
INSERT INTO profiles (id, role, full_name, phone, created_at, updated_at) VALUES ('9f50d78d-451a-43d9-8e0f-68a7862fc90e', 'customer', 'Ralph Kirlin', '(901) 862-4107 x76824', NOW(), NOW());
INSERT INTO auth.users (id, email, raw_user_meta_data, created_at, updated_at) VALUES ('4aa6e7eb-fc3b-4343-976e-9595d131d4f2', 'customer49@example.com', '{"name":"Jennyfer Schiller"}', NOW(), NOW());
INSERT INTO profiles (id, role, full_name, phone, created_at, updated_at) VALUES ('4aa6e7eb-fc3b-4343-976e-9595d131d4f2', 'customer', 'Jennyfer Schiller', '663-257-5660 x26120', NOW(), NOW());
INSERT INTO auth.users (id, email, raw_user_meta_data, created_at, updated_at) VALUES ('30d980d0-c3d2-4808-a2c3-109ae0628365', 'driver0@example.com', '{"name":"Derek Stanton"}', NOW(), NOW());
INSERT INTO profiles (id, role, full_name, phone, created_at, updated_at) VALUES ('30d980d0-c3d2-4808-a2c3-109ae0628365', 'driver', 'Derek Stanton', '839.494.7265', NOW(), NOW());
INSERT INTO auth.users (id, email, raw_user_meta_data, created_at, updated_at) VALUES ('6bdbdb2c-31e9-42a5-82c1-fcb3c084dc77', 'driver1@example.com', '{"name":"Angelita Wuckert"}', NOW(), NOW());
INSERT INTO profiles (id, role, full_name, phone, created_at, updated_at) VALUES ('6bdbdb2c-31e9-42a5-82c1-fcb3c084dc77', 'driver', 'Angelita Wuckert', '681.485.1897 x991', NOW(), NOW());
INSERT INTO auth.users (id, email, raw_user_meta_data, created_at, updated_at) VALUES ('69b8a160-a267-4acb-a98d-d04e9211c332', 'driver2@example.com', '{"name":"Marty Wuckert"}', NOW(), NOW());
INSERT INTO profiles (id, role, full_name, phone, created_at, updated_at) VALUES ('69b8a160-a267-4acb-a98d-d04e9211c332', 'driver', 'Marty Wuckert', '1-479-666-4226 x640', NOW(), NOW());
INSERT INTO auth.users (id, email, raw_user_meta_data, created_at, updated_at) VALUES ('e39b2700-4ae6-404f-91cb-9eafdcf951b8', 'driver3@example.com', '{"name":"General Kemmer"}', NOW(), NOW());
INSERT INTO profiles (id, role, full_name, phone, created_at, updated_at) VALUES ('e39b2700-4ae6-404f-91cb-9eafdcf951b8', 'driver', 'General Kemmer', '(218) 827-9948 x5523', NOW(), NOW());
INSERT INTO auth.users (id, email, raw_user_meta_data, created_at, updated_at) VALUES ('3bac94fa-7c4c-451c-a3a4-a2938d7c2a2c', 'driver4@example.com', '{"name":"Christie Veum"}', NOW(), NOW());
INSERT INTO profiles (id, role, full_name, phone, created_at, updated_at) VALUES ('3bac94fa-7c4c-451c-a3a4-a2938d7c2a2c', 'driver', 'Christie Veum', '(524) 594-8155 x557', NOW(), NOW());
INSERT INTO auth.users (id, email, raw_user_meta_data, created_at, updated_at) VALUES ('21293b1e-fce6-4238-8a91-bc07712d937d', 'driver5@example.com', '{"name":"Eddie Kovacek"}', NOW(), NOW());
INSERT INTO profiles (id, role, full_name, phone, created_at, updated_at) VALUES ('21293b1e-fce6-4238-8a91-bc07712d937d', 'driver', 'Eddie Kovacek', '235.444.0685 x14092', NOW(), NOW());
INSERT INTO auth.users (id, email, raw_user_meta_data, created_at, updated_at) VALUES ('e9fd00b8-c93c-40ca-9a03-7705f4aa949b', 'driver6@example.com', '{"name":"Tami Rolfson"}', NOW(), NOW());
INSERT INTO profiles (id, role, full_name, phone, created_at, updated_at) VALUES ('e9fd00b8-c93c-40ca-9a03-7705f4aa949b', 'driver', 'Tami Rolfson', '1-485-851-1449 x1694', NOW(), NOW());
INSERT INTO auth.users (id, email, raw_user_meta_data, created_at, updated_at) VALUES ('e2138acc-1d1e-4f9b-858d-286d2e496e38', 'driver7@example.com', '{"name":"Van Krajcik"}', NOW(), NOW());
INSERT INTO profiles (id, role, full_name, phone, created_at, updated_at) VALUES ('e2138acc-1d1e-4f9b-858d-286d2e496e38', 'driver', 'Van Krajcik', '746.216.0797 x57751', NOW(), NOW());
INSERT INTO auth.users (id, email, raw_user_meta_data, created_at, updated_at) VALUES ('07338684-9939-47fb-92e7-dd03ec23943f', 'driver8@example.com', '{"name":"Antwan Ullrich IV"}', NOW(), NOW());
INSERT INTO profiles (id, role, full_name, phone, created_at, updated_at) VALUES ('07338684-9939-47fb-92e7-dd03ec23943f', 'driver', 'Antwan Ullrich IV', '1-597-810-5996 x10433', NOW(), NOW());
INSERT INTO auth.users (id, email, raw_user_meta_data, created_at, updated_at) VALUES ('d1176186-f112-45af-be71-a60d87bde525', 'driver9@example.com', '{"name":"Leopold Stokes"}', NOW(), NOW());
INSERT INTO profiles (id, role, full_name, phone, created_at, updated_at) VALUES ('d1176186-f112-45af-be71-a60d87bde525', 'driver', 'Leopold Stokes', '1-487-472-5945', NOW(), NOW());
INSERT INTO auth.users (id, email, raw_user_meta_data, created_at, updated_at) VALUES ('c37eabf9-dfaa-427b-8510-a07edbdb0708', 'driver10@example.com', '{"name":"Rochelle Hansen"}', NOW(), NOW());
INSERT INTO profiles (id, role, full_name, phone, created_at, updated_at) VALUES ('c37eabf9-dfaa-427b-8510-a07edbdb0708', 'driver', 'Rochelle Hansen', '240-569-5503 x338', NOW(), NOW());
INSERT INTO auth.users (id, email, raw_user_meta_data, created_at, updated_at) VALUES ('63cd5db1-5d5d-4796-b98d-f425b35ecf17', 'driver11@example.com', '{"name":"Cassie Kassulke"}', NOW(), NOW());
INSERT INTO profiles (id, role, full_name, phone, created_at, updated_at) VALUES ('63cd5db1-5d5d-4796-b98d-f425b35ecf17', 'driver', 'Cassie Kassulke', '1-837-440-1156 x0575', NOW(), NOW());
INSERT INTO auth.users (id, email, raw_user_meta_data, created_at, updated_at) VALUES ('7a69edbd-4c48-4709-a880-56bb66b6940b', 'driver12@example.com', '{"name":"Mrs. Adrienne Effertz"}', NOW(), NOW());
INSERT INTO profiles (id, role, full_name, phone, created_at, updated_at) VALUES ('7a69edbd-4c48-4709-a880-56bb66b6940b', 'driver', 'Mrs. Adrienne Effertz', '573.728.0491 x13166', NOW(), NOW());
INSERT INTO auth.users (id, email, raw_user_meta_data, created_at, updated_at) VALUES ('8f577b3c-2ff6-4e68-9bce-7998b4186895', 'driver13@example.com', '{"name":"Ruben Turcotte"}', NOW(), NOW());
INSERT INTO profiles (id, role, full_name, phone, created_at, updated_at) VALUES ('8f577b3c-2ff6-4e68-9bce-7998b4186895', 'driver', 'Ruben Turcotte', '1-672-287-9257', NOW(), NOW());
INSERT INTO auth.users (id, email, raw_user_meta_data, created_at, updated_at) VALUES ('a08f37c4-6b7f-4d40-a8de-1e7fc28edfdf', 'driver14@example.com', '{"name":"Gilberto Von"}', NOW(), NOW());
INSERT INTO profiles (id, role, full_name, phone, created_at, updated_at) VALUES ('a08f37c4-6b7f-4d40-a8de-1e7fc28edfdf', 'driver', 'Gilberto Von', '1-355-239-5879 x32085', NOW(), NOW());
INSERT INTO auth.users (id, email, raw_user_meta_data, created_at, updated_at) VALUES ('b1d91795-b9dd-40ab-a2ed-2eacc21a542d', 'driver15@example.com', '{"name":"Andres Schumm"}', NOW(), NOW());
INSERT INTO profiles (id, role, full_name, phone, created_at, updated_at) VALUES ('b1d91795-b9dd-40ab-a2ed-2eacc21a542d', 'driver', 'Andres Schumm', '1-446-878-5329 x59436', NOW(), NOW());
INSERT INTO auth.users (id, email, raw_user_meta_data, created_at, updated_at) VALUES ('fd606c0d-45e5-4775-9167-3d73197bf3b6', 'driver16@example.com', '{"name":"Brenda McGlynn"}', NOW(), NOW());
INSERT INTO profiles (id, role, full_name, phone, created_at, updated_at) VALUES ('fd606c0d-45e5-4775-9167-3d73197bf3b6', 'driver', 'Brenda McGlynn', '565.956.5310 x250', NOW(), NOW());
INSERT INTO auth.users (id, email, raw_user_meta_data, created_at, updated_at) VALUES ('50a8eabe-e596-49ff-b71f-10bd995ad57a', 'driver17@example.com', '{"name":"Jonathon O'Connell"}', NOW(), NOW());
INSERT INTO profiles (id, role, full_name, phone, created_at, updated_at) VALUES ('50a8eabe-e596-49ff-b71f-10bd995ad57a', 'driver', 'Jonathon O'Connell', '(300) 607-5749', NOW(), NOW());
INSERT INTO auth.users (id, email, raw_user_meta_data, created_at, updated_at) VALUES ('d732da4b-44bb-4dd8-9494-c15072f5cd1a', 'driver18@example.com', '{"name":"Dena Roob"}', NOW(), NOW());
INSERT INTO profiles (id, role, full_name, phone, created_at, updated_at) VALUES ('d732da4b-44bb-4dd8-9494-c15072f5cd1a', 'driver', 'Dena Roob', '1-716-486-0172 x076', NOW(), NOW());
INSERT INTO auth.users (id, email, raw_user_meta_data, created_at, updated_at) VALUES ('3aaf124c-7568-45a0-9957-c0389239b776', 'driver19@example.com', '{"name":"Fleta Friesen"}', NOW(), NOW());
INSERT INTO profiles (id, role, full_name, phone, created_at, updated_at) VALUES ('3aaf124c-7568-45a0-9957-c0389239b776', 'driver', 'Fleta Friesen', '660-659-2095 x1337', NOW(), NOW());
INSERT INTO auth.users (id, email, raw_user_meta_data, created_at, updated_at) VALUES ('4f9189fe-faaa-4044-ac2b-64e4cc650720', 'merchant0@example.com', '{"name":"Molly Wilderman IV"}', NOW(), NOW());
INSERT INTO profiles (id, role, full_name, phone, created_at, updated_at) VALUES ('4f9189fe-faaa-4044-ac2b-64e4cc650720', 'merchant', 'Molly Wilderman IV', '455.202.9960 x90567', NOW(), NOW());
INSERT INTO auth.users (id, email, raw_user_meta_data, created_at, updated_at) VALUES ('e558385e-4a6f-4e50-b475-a55e49842555', 'merchant1@example.com', '{"name":"Mr. Elliot Baumbach"}', NOW(), NOW());
INSERT INTO profiles (id, role, full_name, phone, created_at, updated_at) VALUES ('e558385e-4a6f-4e50-b475-a55e49842555', 'merchant', 'Mr. Elliot Baumbach', '262-715-1678 x788', NOW(), NOW());
INSERT INTO auth.users (id, email, raw_user_meta_data, created_at, updated_at) VALUES ('c3e72cc7-b116-43dd-9247-117922be0c0f', 'merchant2@example.com', '{"name":"Fredrick Pfannerstill DDS"}', NOW(), NOW());
INSERT INTO profiles (id, role, full_name, phone, created_at, updated_at) VALUES ('c3e72cc7-b116-43dd-9247-117922be0c0f', 'merchant', 'Fredrick Pfannerstill DDS', '(810) 704-8300 x986', NOW(), NOW());
INSERT INTO auth.users (id, email, raw_user_meta_data, created_at, updated_at) VALUES ('0c61cb35-f1da-4399-90b0-80cf1ec62bba', 'merchant3@example.com', '{"name":"Geneva Gerhold"}', NOW(), NOW());
INSERT INTO profiles (id, role, full_name, phone, created_at, updated_at) VALUES ('0c61cb35-f1da-4399-90b0-80cf1ec62bba', 'merchant', 'Geneva Gerhold', '758-378-0430 x787', NOW(), NOW());
INSERT INTO auth.users (id, email, raw_user_meta_data, created_at, updated_at) VALUES ('b5371a9e-ef1b-45b8-8f71-a759d3abf38b', 'merchant4@example.com', '{"name":"Mr. Merle Treutel"}', NOW(), NOW());
INSERT INTO profiles (id, role, full_name, phone, created_at, updated_at) VALUES ('b5371a9e-ef1b-45b8-8f71-a759d3abf38b', 'merchant', 'Mr. Merle Treutel', '848.651.8349 x81721', NOW(), NOW());
INSERT INTO auth.users (id, email, raw_user_meta_data, created_at, updated_at) VALUES ('d87116f3-b88f-4dd0-8ff1-801d0474e5bc', 'merchant5@example.com', '{"name":"Edna Bednar"}', NOW(), NOW());
INSERT INTO profiles (id, role, full_name, phone, created_at, updated_at) VALUES ('d87116f3-b88f-4dd0-8ff1-801d0474e5bc', 'merchant', 'Edna Bednar', '243.982.5517', NOW(), NOW());
INSERT INTO auth.users (id, email, raw_user_meta_data, created_at, updated_at) VALUES ('b2ba0081-92a5-4b3a-af74-53988a02302d', 'merchant6@example.com', '{"name":"Doris Kilback"}', NOW(), NOW());
INSERT INTO profiles (id, role, full_name, phone, created_at, updated_at) VALUES ('b2ba0081-92a5-4b3a-af74-53988a02302d', 'merchant', 'Doris Kilback', '311-997-6219 x2191', NOW(), NOW());
INSERT INTO auth.users (id, email, raw_user_meta_data, created_at, updated_at) VALUES ('4202782b-8953-4c58-abe7-f8c1196c9928', 'merchant7@example.com', '{"name":"Letitia Wisozk"}', NOW(), NOW());
INSERT INTO profiles (id, role, full_name, phone, created_at, updated_at) VALUES ('4202782b-8953-4c58-abe7-f8c1196c9928', 'merchant', 'Letitia Wisozk', '1-812-610-6032', NOW(), NOW());
INSERT INTO auth.users (id, email, raw_user_meta_data, created_at, updated_at) VALUES ('e91652b2-df1a-4a8a-8eca-6333d110b0ef', 'merchant8@example.com', '{"name":"Cordia O'Conner"}', NOW(), NOW());
INSERT INTO profiles (id, role, full_name, phone, created_at, updated_at) VALUES ('e91652b2-df1a-4a8a-8eca-6333d110b0ef', 'merchant', 'Cordia O'Conner', '(559) 611-8398 x95085', NOW(), NOW());
INSERT INTO auth.users (id, email, raw_user_meta_data, created_at, updated_at) VALUES ('d4d34221-8a3e-411e-ab2f-014bbc895611', 'merchant9@example.com', '{"name":"Miss Martha Bernhard"}', NOW(), NOW());
INSERT INTO profiles (id, role, full_name, phone, created_at, updated_at) VALUES ('d4d34221-8a3e-411e-ab2f-014bbc895611', 'merchant', 'Miss Martha Bernhard', '1-692-860-8381', NOW(), NOW());
INSERT INTO auth.users (id, email, raw_user_meta_data, created_at, updated_at) VALUES ('837e8f49-fcbb-4542-b9ec-ff68dcc89dfc', 'merchant10@example.com', '{"name":"Tyshawn Dicki"}', NOW(), NOW());
INSERT INTO profiles (id, role, full_name, phone, created_at, updated_at) VALUES ('837e8f49-fcbb-4542-b9ec-ff68dcc89dfc', 'merchant', 'Tyshawn Dicki', '511-777-6509', NOW(), NOW());
INSERT INTO auth.users (id, email, raw_user_meta_data, created_at, updated_at) VALUES ('fecc91da-1928-43ac-a01f-a436fbf8638a', 'merchant11@example.com', '{"name":"Peggy Braun"}', NOW(), NOW());
INSERT INTO profiles (id, role, full_name, phone, created_at, updated_at) VALUES ('fecc91da-1928-43ac-a01f-a436fbf8638a', 'merchant', 'Peggy Braun', '1-672-715-0522 x45732', NOW(), NOW());
INSERT INTO auth.users (id, email, raw_user_meta_data, created_at, updated_at) VALUES ('15576b7d-89ba-4ebf-95f9-428fdb0cbd16', 'merchant12@example.com', '{"name":"Jerrod Brakus"}', NOW(), NOW());
INSERT INTO profiles (id, role, full_name, phone, created_at, updated_at) VALUES ('15576b7d-89ba-4ebf-95f9-428fdb0cbd16', 'merchant', 'Jerrod Brakus', '890-825-6399', NOW(), NOW());
INSERT INTO auth.users (id, email, raw_user_meta_data, created_at, updated_at) VALUES ('af10db48-6798-4958-9d54-75e9b01661c9', 'merchant13@example.com', '{"name":"Esta McClure"}', NOW(), NOW());
INSERT INTO profiles (id, role, full_name, phone, created_at, updated_at) VALUES ('af10db48-6798-4958-9d54-75e9b01661c9', 'merchant', 'Esta McClure', '1-500-662-8884', NOW(), NOW());
INSERT INTO auth.users (id, email, raw_user_meta_data, created_at, updated_at) VALUES ('da10f8b2-bae4-459e-b415-af2c38b1c150', 'merchant14@example.com', '{"name":"Dr. Brian Adams"}', NOW(), NOW());
INSERT INTO profiles (id, role, full_name, phone, created_at, updated_at) VALUES ('da10f8b2-bae4-459e-b415-af2c38b1c150', 'merchant', 'Dr. Brian Adams', '660-826-2028', NOW(), NOW());
INSERT INTO auth.users (id, email, raw_user_meta_data, created_at, updated_at) VALUES ('c713f248-54a2-4714-85a7-4a7b6b93820b', 'merchant15@example.com', '{"name":"Horace Lebsack DDS"}', NOW(), NOW());
INSERT INTO profiles (id, role, full_name, phone, created_at, updated_at) VALUES ('c713f248-54a2-4714-85a7-4a7b6b93820b', 'merchant', 'Horace Lebsack DDS', '1-859-901-8325 x638', NOW(), NOW());
INSERT INTO auth.users (id, email, raw_user_meta_data, created_at, updated_at) VALUES ('83a72191-f3f5-4ea1-b466-9941b7a90cc6', 'merchant16@example.com', '{"name":"Jeanne Erdman"}', NOW(), NOW());
INSERT INTO profiles (id, role, full_name, phone, created_at, updated_at) VALUES ('83a72191-f3f5-4ea1-b466-9941b7a90cc6', 'merchant', 'Jeanne Erdman', '1-992-673-1072 x1887', NOW(), NOW());
INSERT INTO auth.users (id, email, raw_user_meta_data, created_at, updated_at) VALUES ('0e74b026-f001-4442-8bb6-89d6ed84bb2e', 'merchant17@example.com', '{"name":"Pam Franey Sr."}', NOW(), NOW());
INSERT INTO profiles (id, role, full_name, phone, created_at, updated_at) VALUES ('0e74b026-f001-4442-8bb6-89d6ed84bb2e', 'merchant', 'Pam Franey Sr.', '(246) 661-7029 x1144', NOW(), NOW());
INSERT INTO auth.users (id, email, raw_user_meta_data, created_at, updated_at) VALUES ('433a112e-dff0-4d5c-bfbd-88f613a6c82a', 'merchant18@example.com', '{"name":"Ward Leffler"}', NOW(), NOW());
INSERT INTO profiles (id, role, full_name, phone, created_at, updated_at) VALUES ('433a112e-dff0-4d5c-bfbd-88f613a6c82a', 'merchant', 'Ward Leffler', '340-856-3036 x5739', NOW(), NOW());
INSERT INTO auth.users (id, email, raw_user_meta_data, created_at, updated_at) VALUES ('a819d5dd-c619-4652-aa75-f620f6d1764b', 'merchant19@example.com', '{"name":"Elisa Fay"}', NOW(), NOW());
INSERT INTO profiles (id, role, full_name, phone, created_at, updated_at) VALUES ('a819d5dd-c619-4652-aa75-f620f6d1764b', 'merchant', 'Elisa Fay', '953.529.3118 x23378', NOW(), NOW());

-- Vehicles
INSERT INTO vehicles (driver_id, make, model, plate_number, color, type) VALUES ('30d980d0-c3d2-4808-a2c3-109ae0628365', 'Cadillac', 'Model T', 'MC40ZXY', 'teal', 'car');
INSERT INTO tracking (driver_id, is_online, current_location) VALUES ('30d980d0-c3d2-4808-a2c3-109ae0628365', true, '{"lat": 40.63783080765562, "lng": -73.97142851378091, "heading": 51}');
INSERT INTO vehicles (driver_id, make, model, plate_number, color, type) VALUES ('6bdbdb2c-31e9-42a5-82c1-fcb3c084dc77', 'Citroën', 'Aventador', 'CV84PGX', 'orchid', 'bike');
INSERT INTO tracking (driver_id, is_online, current_location) VALUES ('6bdbdb2c-31e9-42a5-82c1-fcb3c084dc77', true, '{"lat": 29.75005720783504, "lng": -95.33508269252516, "heading": 233}');
INSERT INTO vehicles (driver_id, make, model, plate_number, color, type) VALUES ('69b8a160-a267-4acb-a98d-d04e9211c332', 'Mitsubishi', 'Aventador', 'SH24OBP', 'purple', 'scooter');
INSERT INTO tracking (driver_id, is_online, current_location) VALUES ('69b8a160-a267-4acb-a98d-d04e9211c332', true, '{"lat": 33.4570618042858, "lng": -112.15396039124016, "heading": 208}');
INSERT INTO vehicles (driver_id, make, model, plate_number, color, type) VALUES ('e39b2700-4ae6-404f-91cb-9eafdcf951b8', 'Peugeot', 'Roadster', 'DN58ISP', 'ivory', 'scooter');
INSERT INTO tracking (driver_id, is_online, current_location) VALUES ('e39b2700-4ae6-404f-91cb-9eafdcf951b8', true, '{"lat": 41.94399261729632, "lng": -87.6329103505215, "heading": 4}');
INSERT INTO vehicles (driver_id, make, model, plate_number, color, type) VALUES ('3bac94fa-7c4c-451c-a3a4-a2938d7c2a2c', 'Lamborghini', 'Model 3', 'XJ21TSQ', 'tan', 'car');
INSERT INTO tracking (driver_id, is_online, current_location) VALUES ('3bac94fa-7c4c-451c-a3a4-a2938d7c2a2c', true, '{"lat": 41.80165087210549, "lng": -87.6635064151338, "heading": 62}');
INSERT INTO vehicles (driver_id, make, model, plate_number, color, type) VALUES ('21293b1e-fce6-4238-8a91-bc07712d937d', 'Tesla', 'Land Cruiser', 'YY92ANQ', 'mint green', 'scooter');
INSERT INTO tracking (driver_id, is_online, current_location) VALUES ('21293b1e-fce6-4238-8a91-bc07712d937d', true, '{"lat": 33.48746532876868, "lng": -112.05591798986607, "heading": 280}');
INSERT INTO vehicles (driver_id, make, model, plate_number, color, type) VALUES ('e9fd00b8-c93c-40ca-9a03-7705f4aa949b', 'Suzuki', 'Explorer', 'CF44YLC', 'mint green', 'bike');
INSERT INTO tracking (driver_id, is_online, current_location) VALUES ('e9fd00b8-c93c-40ca-9a03-7705f4aa949b', true, '{"lat": 29.706157657813296, "lng": -95.29544244866099, "heading": 2}');
INSERT INTO vehicles (driver_id, make, model, plate_number, color, type) VALUES ('e2138acc-1d1e-4f9b-858d-286d2e496e38', 'Ferrari', 'Model X', 'PX04PWA', 'sky blue', 'scooter');
INSERT INTO tracking (driver_id, is_online, current_location) VALUES ('e2138acc-1d1e-4f9b-858d-286d2e496e38', true, '{"lat": 41.957337599553654, "lng": -87.71026764931337, "heading": 82}');
INSERT INTO vehicles (driver_id, make, model, plate_number, color, type) VALUES ('07338684-9939-47fb-92e7-dd03ec23943f', 'Polestar', 'Alpine', 'PL37OCK', 'black', 'bike');
INSERT INTO tracking (driver_id, is_online, current_location) VALUES ('07338684-9939-47fb-92e7-dd03ec23943f', true, '{"lat": 34.136991952511224, "lng": -118.21784833995402, "heading": 257}');
INSERT INTO vehicles (driver_id, make, model, plate_number, color, type) VALUES ('d1176186-f112-45af-be71-a60d87bde525', 'Polestar', 'Wrangler', 'TW14FPQ', 'black', 'car');
INSERT INTO tracking (driver_id, is_online, current_location) VALUES ('d1176186-f112-45af-be71-a60d87bde525', true, '{"lat": 33.49907139783759, "lng": -112.04372235217319, "heading": 117}');
INSERT INTO vehicles (driver_id, make, model, plate_number, color, type) VALUES ('c37eabf9-dfaa-427b-8510-a07edbdb0708', 'BYD', 'Alpine', 'JU71HBS', 'violet', 'bike');
INSERT INTO tracking (driver_id, is_online, current_location) VALUES ('c37eabf9-dfaa-427b-8510-a07edbdb0708', true, '{"lat": 41.83116548453188, "lng": -87.68342308027759, "heading": 282}');
INSERT INTO vehicles (driver_id, make, model, plate_number, color, type) VALUES ('63cd5db1-5d5d-4796-b98d-f425b35ecf17', 'Volvo', 'Wrangler', 'BE15KUF', 'cyan', 'bike');
INSERT INTO tracking (driver_id, is_online, current_location) VALUES ('63cd5db1-5d5d-4796-b98d-f425b35ecf17', true, '{"lat": 29.696074342244685, "lng": -95.30789974352206, "heading": 95}');
INSERT INTO vehicles (driver_id, make, model, plate_number, color, type) VALUES ('7a69edbd-4c48-4709-a880-56bb66b6940b', 'Jaguar', 'Volt', 'GK48VWQ', 'grey', 'bike');
INSERT INTO tracking (driver_id, is_online, current_location) VALUES ('7a69edbd-4c48-4709-a880-56bb66b6940b', true, '{"lat": 40.636551114130775, "lng": -73.99169574092363, "heading": 139}');
INSERT INTO vehicles (driver_id, make, model, plate_number, color, type) VALUES ('8f577b3c-2ff6-4e68-9bce-7998b4186895', 'Porsche', 'Explorer', 'BL91QLI', 'fuchsia', 'car');
INSERT INTO tracking (driver_id, is_online, current_location) VALUES ('8f577b3c-2ff6-4e68-9bce-7998b4186895', true, '{"lat": 33.95750578429874, "lng": -118.26925332376432, "heading": 204}');
INSERT INTO vehicles (driver_id, make, model, plate_number, color, type) VALUES ('a08f37c4-6b7f-4d40-a8de-1e7fc28edfdf', 'Chevrolet', 'Escalade', 'JZ54YUJ', 'mint green', 'car');
INSERT INTO tracking (driver_id, is_online, current_location) VALUES ('a08f37c4-6b7f-4d40-a8de-1e7fc28edfdf', true, '{"lat": 41.81947807502528, "lng": -87.70330357617935, "heading": 55}');
INSERT INTO vehicles (driver_id, make, model, plate_number, color, type) VALUES ('b1d91795-b9dd-40ab-a2ed-2eacc21a542d', 'Bentley', 'CTS', 'CA34TOW', 'red', 'bike');
INSERT INTO tracking (driver_id, is_online, current_location) VALUES ('b1d91795-b9dd-40ab-a2ed-2eacc21a542d', true, '{"lat": 33.46154993820643, "lng": -112.06810955544162, "heading": 349}');
INSERT INTO vehicles (driver_id, make, model, plate_number, color, type) VALUES ('fd606c0d-45e5-4775-9167-3d73197bf3b6', 'Maserati', 'Model S', 'MK60WZP', 'mint green', 'bike');
INSERT INTO tracking (driver_id, is_online, current_location) VALUES ('fd606c0d-45e5-4775-9167-3d73197bf3b6', true, '{"lat": 41.89063366115872, "lng": -87.58384472635181, "heading": 107}');
INSERT INTO vehicles (driver_id, make, model, plate_number, color, type) VALUES ('50a8eabe-e596-49ff-b71f-10bd995ad57a', 'Cadillac', 'Model X', 'JV41ZVH', 'blue', 'car');
INSERT INTO tracking (driver_id, is_online, current_location) VALUES ('50a8eabe-e596-49ff-b71f-10bd995ad57a', true, '{"lat": 40.770211220765965, "lng": -74.08464464192123, "heading": 92}');
INSERT INTO vehicles (driver_id, make, model, plate_number, color, type) VALUES ('d732da4b-44bb-4dd8-9494-c15072f5cd1a', 'Volkswagen', 'Corvette', 'GS63OQK', 'sky blue', 'car');
INSERT INTO tracking (driver_id, is_online, current_location) VALUES ('d732da4b-44bb-4dd8-9494-c15072f5cd1a', true, '{"lat": 29.831338730060324, "lng": -95.45095547788631, "heading": 210}');
INSERT INTO vehicles (driver_id, make, model, plate_number, color, type) VALUES ('3aaf124c-7568-45a0-9957-c0389239b776', 'Aston Martin', 'Jetta', 'JW82UDU', 'red', 'scooter');
INSERT INTO tracking (driver_id, is_online, current_location) VALUES ('3aaf124c-7568-45a0-9957-c0389239b776', true, '{"lat": 33.4529721629323, "lng": -112.01958586101614, "heading": 263}');

-- Merchants & Products
INSERT INTO merchants (id, owner_id, name, description, category, status, rating, address_line1, latitude, longitude) VALUES ('088e8e36-8552-42db-97c2-391a5ea78300', '4f9189fe-faaa-4044-ac2b-64e4cc650720', 'Labadie, Mayert and Beahan Mart', 'Balanced intermediate model', 'retail', 'active', 3.93, '518 Steuber Passage', 33.46751972626828, -112.0596554749708);
INSERT INTO products (id, merchant_id, name, description, price, is_available) VALUES ('95efa0c7-f41d-4856-bf08-3d9795c9d92c', '088e8e36-8552-42db-97c2-391a5ea78300', 'Rustic Gold Pizza', 'The cyan Tuna combines Palau aesthetics with Ytterbium-based durability', 96.59, true);
INSERT INTO products (id, merchant_id, name, description, price, is_available) VALUES ('dd8558d6-150e-43f6-b8c0-660bc9633a7a', '088e8e36-8552-42db-97c2-391a5ea78300', 'Oriental Aluminum Salad', 'Discover the eagle-like agility of our Keyboard, perfect for edible users', 17.75, true);
INSERT INTO products (id, merchant_id, name, description, price, is_available) VALUES ('92ca9723-d3e2-4a69-9053-100b751247e5', '088e8e36-8552-42db-97c2-391a5ea78300', 'Recycled Granite Chicken', 'Experience the green brilliance of our Towels, perfect for straight environments', 48.80, true);
INSERT INTO products (id, merchant_id, name, description, price, is_available) VALUES ('52290f73-839d-46b9-a238-d7accac9e5da', '088e8e36-8552-42db-97c2-391a5ea78300', 'Recycled Aluminum Shirt', 'Featuring Potassium-enhanced technology, our Pizza offers unparalleled nervous performance', 27.20, true);
INSERT INTO products (id, merchant_id, name, description, price, is_available) VALUES ('bce8ec55-3ae1-49bd-b8a8-314d11346d9c', '088e8e36-8552-42db-97c2-391a5ea78300', 'Refined Ceramic Mouse', 'Our dolphin-friendly Pants ensures glum comfort for your pets', 49.65, true);
INSERT INTO products (id, merchant_id, name, description, price, is_available) VALUES ('53d39773-dacb-4c39-bc79-47d3ba1a7262', '088e8e36-8552-42db-97c2-391a5ea78300', 'Unbranded Gold Cheese', 'The lime Fish combines Myanmar aesthetics with Tennessine-based durability', 84.85, true);
INSERT INTO products (id, merchant_id, name, description, price, is_available) VALUES ('6e613f26-d8ad-4175-9a75-32bdcaa6a199', '088e8e36-8552-42db-97c2-391a5ea78300', 'Rustic Cotton Chips', 'Ergonomic Chips made with Cotton for all-day short support', 8.29, true);
INSERT INTO products (id, merchant_id, name, description, price, is_available) VALUES ('32afd118-cb80-4fc9-8b9b-5c17f938350e', '088e8e36-8552-42db-97c2-391a5ea78300', 'Rustic Rubber Bacon', 'Discover the flamingo-like agility of our Keyboard, perfect for mysterious users', 78.90, true);
INSERT INTO products (id, merchant_id, name, description, price, is_available) VALUES ('b4d94580-d653-473d-bf52-09ce0f501b59', '088e8e36-8552-42db-97c2-391a5ea78300', 'Handmade Marble Soap', 'West, Jones and Raynor''s most advanced Chips technology increases sore capabilities', 25.80, true);
INSERT INTO products (id, merchant_id, name, description, price, is_available) VALUES ('505a7e8f-ada8-49d9-8e46-7acadf0041cc', '088e8e36-8552-42db-97c2-391a5ea78300', 'Intelligent Steel Car', 'Savor the tender essence in our Pants, designed for legal culinary adventures', 35.59, true);
INSERT INTO merchants (id, owner_id, name, description, category, status, rating, address_line1, latitude, longitude) VALUES ('a307c3cb-a947-4329-9c7b-b7b5c5aa6be1', 'e558385e-4a6f-4e50-b475-a55e49842555', 'Botsford, Altenwerth and Nicolas Mart', 'Synchronised actuating interface', 'retail', 'active', 4.44, '59345 Cecilia Route', 40.68066828946271, -74.03687754199915);
INSERT INTO products (id, merchant_id, name, description, price, is_available) VALUES ('13a41757-2f24-47e1-a92a-9c01b30ef454', 'a307c3cb-a947-4329-9c7b-b7b5c5aa6be1', 'Handmade Bamboo Pizza', 'The magenta Bike combines Kenya aesthetics with Lead-based durability', 67.25, true);
INSERT INTO products (id, merchant_id, name, description, price, is_available) VALUES ('d3516975-2b8b-499f-ad84-2ffe2ba63dca', 'a307c3cb-a947-4329-9c7b-b7b5c5aa6be1', 'Sleek Cotton Sausages', 'Introducing the Gambia-inspired Shirt, blending striking style with local craftsmanship', 86.19, true);
INSERT INTO products (id, merchant_id, name, description, price, is_available) VALUES ('32b97e16-2058-4063-a7c6-282da087ddbd', 'a307c3cb-a947-4329-9c7b-b7b5c5aa6be1', 'Modern Cotton Gloves', 'Professional-grade Gloves perfect for huge training and recreational use', 70.65, true);
INSERT INTO products (id, merchant_id, name, description, price, is_available) VALUES ('dc5b610e-1c63-438f-9985-228653cf4b2b', 'a307c3cb-a947-4329-9c7b-b7b5c5aa6be1', 'Small Bronze Keyboard', 'Stylish Car designed to make you stand out with unrealistic looks', 74.89, true);
INSERT INTO products (id, merchant_id, name, description, price, is_available) VALUES ('0bfd1d91-a10b-4d51-b698-bdf7453a6a3a', 'a307c3cb-a947-4329-9c7b-b7b5c5aa6be1', 'Sleek Wooden Hat', 'Ergonomic Chicken made with Silk for all-day scary support', 70.79, true);
INSERT INTO products (id, merchant_id, name, description, price, is_available) VALUES ('a94068bd-e337-441f-babc-1ea375e7e4eb', 'a307c3cb-a947-4329-9c7b-b7b5c5aa6be1', 'Fresh Concrete Table', 'Discover the bee-like agility of our Shoes, perfect for secret users', 92.45, true);
INSERT INTO products (id, merchant_id, name, description, price, is_available) VALUES ('9578f0e2-b801-4250-b60c-d82b1f2ab90d', 'a307c3cb-a947-4329-9c7b-b7b5c5aa6be1', 'Recycled Bronze Car', 'Savor the spicy essence in our Computer, designed for formal culinary adventures', 25.95, true);
INSERT INTO products (id, merchant_id, name, description, price, is_available) VALUES ('bd9821f4-4f0e-4281-9097-39ca49486784', 'a307c3cb-a947-4329-9c7b-b7b5c5aa6be1', 'Small Steel Car', 'Stylish Mouse designed to make you stand out with doting looks', 57.05, true);
INSERT INTO products (id, merchant_id, name, description, price, is_available) VALUES ('fdcc663e-8f1d-40b4-8e78-9ddcc912a370', 'a307c3cb-a947-4329-9c7b-b7b5c5aa6be1', 'Bespoke Bronze Hat', 'New Shirt model with 45 GB RAM, 606 GB storage, and tricky features', 58.69, true);
INSERT INTO products (id, merchant_id, name, description, price, is_available) VALUES ('f4a20ad1-8db9-4abe-a4db-3c3180d564d6', 'a307c3cb-a947-4329-9c7b-b7b5c5aa6be1', 'Ergonomic Aluminum Mouse', 'Our sweet-inspired Computer brings a taste of luxury to your baggy lifestyle', 19.05, true);
INSERT INTO merchants (id, owner_id, name, description, category, status, rating, address_line1, latitude, longitude) VALUES ('72a643ec-2011-4c65-a6ba-b9444e14df3f', 'c3e72cc7-b116-43dd-9247-117922be0c0f', 'Effertz - Thompson Cafe', 'Customizable full-range middleware', 'restaurant', 'active', 4.87, '217 Colin Corner', 34.03646771945642, -118.20695435736896);
INSERT INTO products (id, merchant_id, name, description, price, is_available) VALUES ('a08c1222-b580-4c0f-bf01-85aa03a3082e', '72a643ec-2011-4c65-a6ba-b9444e14df3f', 'Refined Silk Shoes', 'The silver Hat combines Brunei Darussalam aesthetics with Carbon-based durability', 31.69, true);
INSERT INTO products (id, merchant_id, name, description, price, is_available) VALUES ('ce3b4543-453d-40a7-98e2-463c29010987', '72a643ec-2011-4c65-a6ba-b9444e14df3f', 'Licensed Granite Pizza', 'Introducing the Qatar-inspired Salad, blending serene style with local craftsmanship', 67.55, true);
INSERT INTO products (id, merchant_id, name, description, price, is_available) VALUES ('fc1d3b8d-1a54-4250-bc7b-4bac4f857e9a', '72a643ec-2011-4c65-a6ba-b9444e14df3f', 'Elegant Concrete Shirt', 'The sleek and intent Ball comes with red LED lighting for smart functionality', 64.39, true);
INSERT INTO products (id, merchant_id, name, description, price, is_available) VALUES ('5fa6b78e-d2ae-4d67-ace9-57d8673a55c9', '72a643ec-2011-4c65-a6ba-b9444e14df3f', 'Fantastic Rubber Table', 'Our koala-friendly Cheese ensures secondary comfort for your pets', 43.85, true);
INSERT INTO products (id, merchant_id, name, description, price, is_available) VALUES ('341bd793-f5b8-49ff-94a2-c9eb7424dedd', '72a643ec-2011-4c65-a6ba-b9444e14df3f', 'Oriental Marble Shirt', 'Stylish Bacon designed to make you stand out with biodegradable looks', 67.55, true);
INSERT INTO products (id, merchant_id, name, description, price, is_available) VALUES ('a8d7ed0e-9fbc-48fb-961f-ea89ee440ffc', '72a643ec-2011-4c65-a6ba-b9444e14df3f', 'Luxurious Rubber Cheese', 'Featuring Holmium-enhanced technology, our Salad offers unparalleled frizzy performance', 41.99, true);
INSERT INTO products (id, merchant_id, name, description, price, is_available) VALUES ('ffd5aa6e-804b-4d9a-ac62-47b536ca7443', '72a643ec-2011-4c65-a6ba-b9444e14df3f', 'Elegant Silk Hat', 'Wunsch - Connelly''s most advanced Computer technology increases grandiose capabilities', 78.79, true);
INSERT INTO products (id, merchant_id, name, description, price, is_available) VALUES ('1105a728-e062-4008-884a-4501673c8b59', '72a643ec-2011-4c65-a6ba-b9444e14df3f', 'Handcrafted Marble Chicken', 'Featuring Promethium-enhanced technology, our Pizza offers unparalleled sore performance', 22.55, true);
INSERT INTO products (id, merchant_id, name, description, price, is_available) VALUES ('fec3384a-d4e6-47ac-9b8d-fe46cbbcb495', '72a643ec-2011-4c65-a6ba-b9444e14df3f', 'Generic Cotton Gloves', 'Innovative Pizza featuring nippy technology and Metal construction', 25.46, true);
INSERT INTO products (id, merchant_id, name, description, price, is_available) VALUES ('53439f0d-5559-42e6-bbf9-d316518c3507', '72a643ec-2011-4c65-a6ba-b9444e14df3f', 'Ergonomic Bamboo Car', 'Our sour-inspired Shoes brings a taste of luxury to your wise lifestyle', 56.80, true);
INSERT INTO merchants (id, owner_id, name, description, category, status, rating, address_line1, latitude, longitude) VALUES ('47e5faa1-637c-4bb4-8b77-92e959ad8a46', '0c61cb35-f1da-4399-90b0-80cf1ec62bba', 'Russel - Quitzon-Gerlach Mart', 'Cross-platform radical firmware', 'grocery', 'active', 3.61, '1247 Hirthe Burgs', 29.77606822184446, -95.41358665613274);
INSERT INTO products (id, merchant_id, name, description, price, is_available) VALUES ('5412e5be-19ef-466f-bbdc-a66bd1d88cd3', '47e5faa1-637c-4bb4-8b77-92e959ad8a46', 'Bespoke Plastic Mouse', 'The sleek and whole Hat comes with lavender LED lighting for smart functionality', 31.69, true);
INSERT INTO products (id, merchant_id, name, description, price, is_available) VALUES ('611e2db7-30da-421e-9449-843e419d023b', '47e5faa1-637c-4bb4-8b77-92e959ad8a46', 'Small Ceramic Mouse', 'Discover the yearly new Salad with an exciting mix of Metal ingredients', 31.59, true);
INSERT INTO products (id, merchant_id, name, description, price, is_available) VALUES ('3b9e7ec2-9b01-4e6f-b4a7-eb6cc090c0da', '47e5faa1-637c-4bb4-8b77-92e959ad8a46', 'Elegant Gold Gloves', 'Experience the green brilliance of our Bacon, perfect for hidden environments', 53.54, true);
INSERT INTO products (id, merchant_id, name, description, price, is_available) VALUES ('4d271ae9-b87f-4fad-bd3c-2ae95d7d823c', '47e5faa1-637c-4bb4-8b77-92e959ad8a46', 'Tasty Granite Chair', 'Discover the alert new Table with an exciting mix of Metal ingredients', 74.45, true);
INSERT INTO products (id, merchant_id, name, description, price, is_available) VALUES ('14d533a9-1de2-45b7-a5f5-c58fa5479926', '47e5faa1-637c-4bb4-8b77-92e959ad8a46', 'Oriental Cotton Mouse', 'Experience the green brilliance of our Chicken, perfect for partial environments', 5.49, true);
INSERT INTO products (id, merchant_id, name, description, price, is_available) VALUES ('5c823456-e590-42c6-8547-05f200b9f528', '47e5faa1-637c-4bb4-8b77-92e959ad8a46', 'Practical Bronze Computer', 'Our spicy-inspired Computer brings a taste of luxury to your official lifestyle', 37.09, true);
INSERT INTO products (id, merchant_id, name, description, price, is_available) VALUES ('86335d2a-6a4d-41c2-b31d-b0eff2a25fab', '47e5faa1-637c-4bb4-8b77-92e959ad8a46', 'Ergonomic Marble Ball', 'Our bat-friendly Keyboard ensures general comfort for your pets', 92.69, true);
INSERT INTO products (id, merchant_id, name, description, price, is_available) VALUES ('a62efcdf-01e9-4620-ac06-0b84391af7b4', '47e5faa1-637c-4bb4-8b77-92e959ad8a46', 'Licensed Cotton Chair', 'Savor the moist essence in our Bike, designed for right culinary adventures', 51.80, true);
INSERT INTO products (id, merchant_id, name, description, price, is_available) VALUES ('9ef9391c-17be-4e1f-a73f-da96097e8bf1', '47e5faa1-637c-4bb4-8b77-92e959ad8a46', 'Soft Steel Chips', 'Savor the spicy essence in our Sausages, designed for sardonic culinary adventures', 41.05, true);
INSERT INTO products (id, merchant_id, name, description, price, is_available) VALUES ('45837823-2b13-4be4-be5d-897c6a94c779', '47e5faa1-637c-4bb4-8b77-92e959ad8a46', 'Generic Concrete Computer', 'Experience the mint green brilliance of our Bike, perfect for comfortable environments', 69.25, true);
INSERT INTO merchants (id, owner_id, name, description, category, status, rating, address_line1, latitude, longitude) VALUES ('391fd44e-3894-49ad-89e9-afdf83eaf5b6', 'b5371a9e-ef1b-45b8-8f71-a759d3abf38b', 'Hagenes, Rice and Kilback Mart', 'Persevering static instruction set', 'retail', 'active', 3.8, '62224 Alisha Land', 34.02738369943932, -118.2429882344806);
INSERT INTO products (id, merchant_id, name, description, price, is_available) VALUES ('4621afbf-f5bd-475e-806f-205199df09da', '391fd44e-3894-49ad-89e9-afdf83eaf5b6', 'Modern Bronze Towels', 'Sauer and Sons''s most advanced Computer technology increases elderly capabilities', 92.85, true);
INSERT INTO products (id, merchant_id, name, description, price, is_available) VALUES ('bbcf6321-71d7-4dae-bd4b-e8b0ab84f780', '391fd44e-3894-49ad-89e9-afdf83eaf5b6', 'Handmade Concrete Table', 'Innovative Car featuring silent technology and Aluminum construction', 73.35, true);
INSERT INTO products (id, merchant_id, name, description, price, is_available) VALUES ('a5200d85-ee88-4ab5-9b0c-ad9936c8bf73', '391fd44e-3894-49ad-89e9-afdf83eaf5b6', 'Gorgeous Ceramic Tuna', 'Our penguin-friendly Fish ensures immediate comfort for your pets', 34.55, true);
INSERT INTO products (id, merchant_id, name, description, price, is_available) VALUES ('a298238a-2a5d-46d3-bb8a-7fb6bb13b567', '391fd44e-3894-49ad-89e9-afdf83eaf5b6', 'Incredible Concrete Salad', 'The Rhea Car is the latest in a series of shallow products from Kohler - Schuster', 83.69, true);
INSERT INTO products (id, merchant_id, name, description, price, is_available) VALUES ('437e2c51-533f-44c0-919a-ad3592897cd4', '391fd44e-3894-49ad-89e9-afdf83eaf5b6', 'Electronic Wooden Chair', 'Ergonomic Keyboard made with Silk for all-day fearless support', 93.39, true);
INSERT INTO products (id, merchant_id, name, description, price, is_available) VALUES ('3b79b2d0-2e18-43ae-bdca-f2ae34cca17a', '391fd44e-3894-49ad-89e9-afdf83eaf5b6', 'Sleek Plastic Mouse', 'Introducing the Greenland-inspired Keyboard, blending creative style with local craftsmanship', 34.45, true);
INSERT INTO products (id, merchant_id, name, description, price, is_available) VALUES ('38a7854c-40c4-4467-8c28-00ae04109e19', '391fd44e-3894-49ad-89e9-afdf83eaf5b6', 'Handmade Concrete Car', 'Introducing the Chad-inspired Fish, blending white style with local craftsmanship', 26.79, true);
INSERT INTO products (id, merchant_id, name, description, price, is_available) VALUES ('488f3a1e-17b8-44dc-9e97-ca4590264c7c', '391fd44e-3894-49ad-89e9-afdf83eaf5b6', 'Bespoke Wooden Computer', 'Savor the sour essence in our Pizza, designed for dependent culinary adventures', 71.09, true);
INSERT INTO products (id, merchant_id, name, description, price, is_available) VALUES ('5d2a556e-00a0-4b9b-9055-027229455353', '391fd44e-3894-49ad-89e9-afdf83eaf5b6', 'Fantastic Bamboo Shirt', 'The Roberto Gloves is the latest in a series of delicious products from Russel - Fay', 78.85, true);
INSERT INTO products (id, merchant_id, name, description, price, is_available) VALUES ('d0f0a2f1-f624-490e-b537-2ef60fd9dba1', '391fd44e-3894-49ad-89e9-afdf83eaf5b6', 'Soft Plastic Bacon', 'Our tiger-friendly Soap ensures dapper comfort for your pets', 43.00, true);
INSERT INTO merchants (id, owner_id, name, description, category, status, rating, address_line1, latitude, longitude) VALUES ('f7a2a861-1781-44bc-8b4f-5da659379b31', 'd87116f3-b88f-4dd0-8ff1-801d0474e5bc', 'Bartell Inc Mart', 'Reduced asymmetric database', 'grocery', 'active', 3.55, '64221 Jacobson Dale', 29.7907607442125, -95.39793061845222);
INSERT INTO products (id, merchant_id, name, description, price, is_available) VALUES ('b13b0829-e610-4f7e-8644-8b99293c341e', 'f7a2a861-1781-44bc-8b4f-5da659379b31', 'Electronic Ceramic Fish', 'Experience the yellow brilliance of our Tuna, perfect for shameless environments', 27.09, true);
INSERT INTO products (id, merchant_id, name, description, price, is_available) VALUES ('6f829bbb-cf98-4c15-896b-8bc8b25c045d', 'f7a2a861-1781-44bc-8b4f-5da659379b31', 'Fresh Gold Gloves', 'New Computer model with 9 GB RAM, 451 GB storage, and self-reliant features', 97.85, true);
INSERT INTO products (id, merchant_id, name, description, price, is_available) VALUES ('0a71e7fc-9f17-486c-9441-b528ff463797', 'f7a2a861-1781-44bc-8b4f-5da659379b31', 'Oriental Cotton Shoes', 'The maroon Towels combines Antigua and Barbuda aesthetics with Iridium-based durability', 64.70, true);
INSERT INTO products (id, merchant_id, name, description, price, is_available) VALUES ('99d0b168-b1ca-42ab-977c-d00de7814b7d', 'f7a2a861-1781-44bc-8b4f-5da659379b31', 'Handmade Silk Soap', 'New Hat model with 24 GB RAM, 426 GB storage, and functional features', 16.75, true);
INSERT INTO products (id, merchant_id, name, description, price, is_available) VALUES ('2d857343-755e-4432-b05a-afe2d168f9cf', 'f7a2a861-1781-44bc-8b4f-5da659379b31', 'Fantastic Ceramic Chips', 'The Emmett Computer is the latest in a series of aching products from Smith - Daniel-Bauch', 82.49, true);
INSERT INTO products (id, merchant_id, name, description, price, is_available) VALUES ('ea02be7f-6e58-40ba-b50e-796637efcfa3', 'f7a2a861-1781-44bc-8b4f-5da659379b31', 'Small Gold Pants', 'Our sour-inspired Sausages brings a taste of luxury to your darling lifestyle', 57.05, true);
INSERT INTO products (id, merchant_id, name, description, price, is_available) VALUES ('da94e6ff-3b1e-422d-b373-ab6b1db235ab', 'f7a2a861-1781-44bc-8b4f-5da659379b31', 'Gorgeous Gold Salad', 'New orchid Car with ergonomic design for antique comfort', 81.20, true);
INSERT INTO products (id, merchant_id, name, description, price, is_available) VALUES ('6364f978-2e15-46c4-98cf-560495100497', 'f7a2a861-1781-44bc-8b4f-5da659379b31', 'Refined Ceramic Towels', 'Discover the parrot-like agility of our Car, perfect for authentic users', 40.25, true);
INSERT INTO products (id, merchant_id, name, description, price, is_available) VALUES ('6159d63d-7e61-49cb-bf1f-37e5591f62d0', 'f7a2a861-1781-44bc-8b4f-5da659379b31', 'Frozen Gold Chicken', 'Discover the bird-like agility of our Bacon, perfect for shadowy users', 37.59, true);
INSERT INTO products (id, merchant_id, name, description, price, is_available) VALUES ('2944fe29-3021-4c00-a9e0-b56692151dff', 'f7a2a861-1781-44bc-8b4f-5da659379b31', 'Rustic Wooden Sausages', 'Ergonomic Towels designed with Bronze for worse performance', 98.99, true);
INSERT INTO merchants (id, owner_id, name, description, category, status, rating, address_line1, latitude, longitude) VALUES ('ad5e2068-ee6d-4238-b0c8-287a05c0a5a4', 'b2ba0081-92a5-4b3a-af74-53988a02302d', 'Blanda Group Mart', 'Future-proofed fresh-thinking projection', 'retail', 'active', 3.83, '788 Commercial Street', 34.086801045705535, -118.27637719308441);
INSERT INTO products (id, merchant_id, name, description, price, is_available) VALUES ('7c3cac18-b81f-4a85-a380-f25df8be00c7', 'ad5e2068-ee6d-4238-b0c8-287a05c0a5a4', 'Handcrafted Bronze Ball', 'Sleek Shoes designed with Ceramic for understated performance', 52.65, true);
INSERT INTO products (id, merchant_id, name, description, price, is_available) VALUES ('0f8156d0-aea6-47e1-9791-91f47f47ae64', 'ad5e2068-ee6d-4238-b0c8-287a05c0a5a4', 'Handcrafted Marble Car', 'Discover the flashy new Chips with an exciting mix of Wooden ingredients', 25.60, true);
INSERT INTO products (id, merchant_id, name, description, price, is_available) VALUES ('b05a0f37-1251-4379-8d4c-fe26a16ed0cc', 'ad5e2068-ee6d-4238-b0c8-287a05c0a5a4', 'Oriental Rubber Chair', 'The sleek and mysterious Chair comes with mint green LED lighting for smart functionality', 76.85, true);
INSERT INTO products (id, merchant_id, name, description, price, is_available) VALUES ('2ed985e8-8965-4cc9-9a97-d2c31f99e38f', 'ad5e2068-ee6d-4238-b0c8-287a05c0a5a4', 'Soft Plastic Pizza', 'Ergonomic Shirt made with Bamboo for all-day strident support', 51.75, true);
INSERT INTO products (id, merchant_id, name, description, price, is_available) VALUES ('23e882cb-38e1-4991-bb14-eb5600e1c193', 'ad5e2068-ee6d-4238-b0c8-287a05c0a5a4', 'Unbranded Cotton Shoes', 'Innovative Sausages featuring productive technology and Wooden construction', 22.39, true);
INSERT INTO products (id, merchant_id, name, description, price, is_available) VALUES ('f7305b47-2b71-45ba-ace8-2708eff3a446', 'ad5e2068-ee6d-4238-b0c8-287a05c0a5a4', 'Elegant Marble Soap', 'Savor the fresh essence in our Chair, designed for inferior culinary adventures', 70.95, true);
INSERT INTO products (id, merchant_id, name, description, price, is_available) VALUES ('ff5615cd-08ba-4bf1-8bdc-9b2a6bd70581', 'ad5e2068-ee6d-4238-b0c8-287a05c0a5a4', 'Fresh Silk Pizza', 'The sleek and quarterly Pants comes with silver LED lighting for smart functionality', 61.75, true);
INSERT INTO products (id, merchant_id, name, description, price, is_available) VALUES ('40efac02-d602-4983-9fcb-9c1ecf10cfbe', 'ad5e2068-ee6d-4238-b0c8-287a05c0a5a4', 'Fantastic Steel Bacon', 'Professional-grade Salad perfect for unwieldy training and recreational use', 91.90, true);
INSERT INTO products (id, merchant_id, name, description, price, is_available) VALUES ('78c89d1e-300e-4bd8-b92f-685388f8cca4', 'ad5e2068-ee6d-4238-b0c8-287a05c0a5a4', 'Luxurious Steel Ball', 'Discover the clumsy new Fish with an exciting mix of Ceramic ingredients', 51.60, true);
INSERT INTO products (id, merchant_id, name, description, price, is_available) VALUES ('f93bc556-0644-4276-b240-53837da710b3', 'ad5e2068-ee6d-4238-b0c8-287a05c0a5a4', 'Electronic Marble Hat', 'The lavender Bacon combines Burkina Faso aesthetics with Sodium-based durability', 31.49, true);
INSERT INTO merchants (id, owner_id, name, description, category, status, rating, address_line1, latitude, longitude) VALUES ('d74f0a28-e345-4fa4-ab22-4f3a82b5e056', '4202782b-8953-4c58-abe7-f8c1196c9928', 'Skiles - Bogisich Mart', 'Devolved leading edge budgetary management', 'retail', 'active', 4.71, '421 Hackett Lodge', 41.89856171803186, -87.58269856083301);
INSERT INTO products (id, merchant_id, name, description, price, is_available) VALUES ('24b62caa-1639-40a9-9667-376b787a413b', 'd74f0a28-e345-4fa4-ab22-4f3a82b5e056', 'Rustic Concrete Bike', 'Featuring Polonium-enhanced technology, our Shoes offers unparalleled jumbo performance', 69.55, true);
INSERT INTO products (id, merchant_id, name, description, price, is_available) VALUES ('89106944-dff7-4adc-b911-08cd83896d9b', 'd74f0a28-e345-4fa4-ab22-4f3a82b5e056', 'Generic Marble Salad', 'Luxurious Table designed with Metal for humble performance', 61.45, true);
INSERT INTO products (id, merchant_id, name, description, price, is_available) VALUES ('f88e39d3-22f0-4137-bc1d-2f44117d1066', 'd74f0a28-e345-4fa4-ab22-4f3a82b5e056', 'Ergonomic Rubber Chips', 'Discover the gecko-like agility of our Pizza, perfect for afraid users', 17.82, true);
INSERT INTO products (id, merchant_id, name, description, price, is_available) VALUES ('4e94a1d9-78e1-43b6-8486-a313789e5d1d', 'd74f0a28-e345-4fa4-ab22-4f3a82b5e056', 'Practical Concrete Tuna', 'The Reverse-engineered incremental generative AI Gloves offers reliable performance and stupendous design', 16.92, true);
INSERT INTO products (id, merchant_id, name, description, price, is_available) VALUES ('331d661e-5a6a-430c-8a60-ce46ecc5d449', 'd74f0a28-e345-4fa4-ab22-4f3a82b5e056', 'Bespoke Gold Keyboard', 'Experience the cyan brilliance of our Pizza, perfect for mundane environments', 81.39, true);
INSERT INTO products (id, merchant_id, name, description, price, is_available) VALUES ('d9f40c1b-2a5d-4324-ac71-218840b18aef', 'd74f0a28-e345-4fa4-ab22-4f3a82b5e056', 'Fresh Wooden Mouse', 'Experience the olive brilliance of our Shoes, perfect for unpleasant environments', 51.95, true);
INSERT INTO products (id, merchant_id, name, description, price, is_available) VALUES ('a12c138c-2a55-419b-b24c-f077962669cf', 'd74f0a28-e345-4fa4-ab22-4f3a82b5e056', 'Awesome Bamboo Mouse', 'New maroon Soap with ergonomic design for striking comfort', 32.69, true);
INSERT INTO products (id, merchant_id, name, description, price, is_available) VALUES ('c45368a9-4806-422d-aeeb-b6afaf3c8c51', 'd74f0a28-e345-4fa4-ab22-4f3a82b5e056', 'Practical Bamboo Shoes', 'Introducing the Taiwan-inspired Car, blending misguided style with local craftsmanship', 22.45, true);
INSERT INTO products (id, merchant_id, name, description, price, is_available) VALUES ('bc8b8b50-0dc7-4f9e-9a28-0eae15de103b', 'd74f0a28-e345-4fa4-ab22-4f3a82b5e056', 'Incredible Steel Fish', 'Ergonomic Table made with Cotton for all-day cloudy support', 52.85, true);
INSERT INTO products (id, merchant_id, name, description, price, is_available) VALUES ('a1472c9a-45d5-4b9f-923e-3826f31f1ead', 'd74f0a28-e345-4fa4-ab22-4f3a82b5e056', 'Bespoke Metal Pizza', 'Discover the fussy new Shoes with an exciting mix of Metal ingredients', 15.49, true);
INSERT INTO merchants (id, owner_id, name, description, category, status, rating, address_line1, latitude, longitude) VALUES ('7b13c10b-0c48-4f2a-b6ba-27bb1287db97', 'e91652b2-df1a-4a8a-8eca-6333d110b0ef', 'Fritsch, Durgan and Huel Mart', 'Realigned system-worthy strategy', 'retail', 'active', 4.3, '75187 Citlalli Mission', 29.80671984302888, -95.37939972491542);
INSERT INTO products (id, merchant_id, name, description, price, is_available) VALUES ('7e892372-ad5c-4fc7-8d59-033349d78f9c', '7b13c10b-0c48-4f2a-b6ba-27bb1287db97', 'Electronic Bronze Soap', 'Professional-grade Pants perfect for supportive training and recreational use', 65.99, true);
INSERT INTO products (id, merchant_id, name, description, price, is_available) VALUES ('633b4028-6f20-4a1c-a35e-317325701212', '7b13c10b-0c48-4f2a-b6ba-27bb1287db97', 'Intelligent Concrete Gloves', 'Professional-grade Sausages perfect for youthful training and recreational use', 9.89, true);
INSERT INTO products (id, merchant_id, name, description, price, is_available) VALUES ('5a4ccb36-af92-4316-afc3-a687f05e0a0b', '7b13c10b-0c48-4f2a-b6ba-27bb1287db97', 'Ergonomic Cotton Car', 'The sleek and descriptive Bacon comes with mint green LED lighting for smart functionality', 30.79, true);
INSERT INTO products (id, merchant_id, name, description, price, is_available) VALUES ('0c827264-a715-4b14-b2e5-754fc1b73ded', '7b13c10b-0c48-4f2a-b6ba-27bb1287db97', 'Refined Marble Car', 'Savor the rich essence in our Towels, designed for mediocre culinary adventures', 24.15, true);
INSERT INTO products (id, merchant_id, name, description, price, is_available) VALUES ('760f4128-2269-4486-ac1c-83291c9b9e09', '7b13c10b-0c48-4f2a-b6ba-27bb1287db97', 'Frozen Granite Car', 'New Chair model with 84 GB RAM, 234 GB storage, and linear features', 86.15, true);
INSERT INTO products (id, merchant_id, name, description, price, is_available) VALUES ('013c1cd7-f9fc-404e-983c-e12ac4a6eb46', '7b13c10b-0c48-4f2a-b6ba-27bb1287db97', 'Sleek Wooden Mouse', 'Our lion-friendly Bike ensures fantastic comfort for your pets', 69.19, true);
INSERT INTO products (id, merchant_id, name, description, price, is_available) VALUES ('58a6e26a-cb7f-496c-946d-be71ec30dec9', '7b13c10b-0c48-4f2a-b6ba-27bb1287db97', 'Oriental Cotton Mouse', 'Experience the purple brilliance of our Soap, perfect for frivolous environments', 28.89, true);
INSERT INTO products (id, merchant_id, name, description, price, is_available) VALUES ('296acf76-ccf5-479f-8cfd-3c953226ea77', '7b13c10b-0c48-4f2a-b6ba-27bb1287db97', 'Refined Concrete Sausages', 'Ergonomic Shirt made with Rubber for all-day thrifty support', 16.39, true);
INSERT INTO products (id, merchant_id, name, description, price, is_available) VALUES ('f6f1271f-ab7d-4788-95e5-ba2ce5d9b12c', '7b13c10b-0c48-4f2a-b6ba-27bb1287db97', 'Awesome Concrete Pants', 'The Fundamental exuding challenge Keyboard offers reliable performance and neighboring design', 93.09, true);
INSERT INTO products (id, merchant_id, name, description, price, is_available) VALUES ('1a66fabd-1d39-48cd-bfb0-c0e4c3b89b72', '7b13c10b-0c48-4f2a-b6ba-27bb1287db97', 'Modern Wooden Cheese', 'Experience the ivory brilliance of our Fish, perfect for creamy environments', 68.69, true);
INSERT INTO merchants (id, owner_id, name, description, category, status, rating, address_line1, latitude, longitude) VALUES ('4bb1df3b-f0ff-4b91-aa82-e72c555f08cd', 'd4d34221-8a3e-411e-ab2f-014bbc895611', 'Terry, Miller and Cummings Mart', 'Secured radical hierarchy', 'grocery', 'active', 3.68, '2224 Maverick Branch', 29.807748247956916, -95.36453550242207);
INSERT INTO products (id, merchant_id, name, description, price, is_available) VALUES ('93610c42-7e81-4441-ad8e-90e195b1cc32', '4bb1df3b-f0ff-4b91-aa82-e72c555f08cd', 'Oriental Concrete Mouse', 'The Shawn Chair is the latest in a series of striking products from Littel, Hudson-Gorczany and Bosco', 60.89, true);
INSERT INTO products (id, merchant_id, name, description, price, is_available) VALUES ('bc2b1f00-3575-41b5-9aab-87265214d9a1', '4bb1df3b-f0ff-4b91-aa82-e72c555f08cd', 'Sleek Metal Ball', 'Our hamster-friendly Pizza ensures shimmering comfort for your pets', 19.80, true);
INSERT INTO products (id, merchant_id, name, description, price, is_available) VALUES ('22b73c34-dcd8-4673-b9b8-2f997afe26e3', '4bb1df3b-f0ff-4b91-aa82-e72c555f08cd', 'Refined Bronze Bacon', 'Professional-grade Chair perfect for wry training and recreational use', 70.89, true);
INSERT INTO products (id, merchant_id, name, description, price, is_available) VALUES ('937d73b5-f2d8-471b-8215-a43cb2789dfe', '4bb1df3b-f0ff-4b91-aa82-e72c555f08cd', 'Sleek Metal Car', 'Savor the creamy essence in our Shirt, designed for querulous culinary adventures', 68.49, true);
INSERT INTO products (id, merchant_id, name, description, price, is_available) VALUES ('049cb3ef-867d-41cb-bf0f-b7d6788e12bf', '4bb1df3b-f0ff-4b91-aa82-e72c555f08cd', 'Sleek Silk Shoes', 'Ergonomic Shirt made with Granite for all-day fearless support', 83.11, true);
INSERT INTO products (id, merchant_id, name, description, price, is_available) VALUES ('bb0ce766-8ac7-4945-a227-63c3fee694f3', '4bb1df3b-f0ff-4b91-aa82-e72c555f08cd', 'Modern Wooden Computer', 'Our tender-inspired Shoes brings a taste of luxury to your pertinent lifestyle', 62.49, true);
INSERT INTO products (id, merchant_id, name, description, price, is_available) VALUES ('26022703-0de5-4c1f-939c-8b1253f621f2', '4bb1df3b-f0ff-4b91-aa82-e72c555f08cd', 'Recycled Steel Cheese', 'The Triple-buffered optimal intranet Mouse offers reliable performance and talkative design', 85.15, true);
INSERT INTO products (id, merchant_id, name, description, price, is_available) VALUES ('fa56b1c8-8243-4da1-8762-e6960d89dd2b', '4bb1df3b-f0ff-4b91-aa82-e72c555f08cd', 'Small Silk Computer', 'The teal Pizza combines Guyana aesthetics with Seaborgium-based durability', 50.15, true);
INSERT INTO products (id, merchant_id, name, description, price, is_available) VALUES ('86dd763a-f476-4a28-8e15-18d8d20c2cbf', '4bb1df3b-f0ff-4b91-aa82-e72c555f08cd', 'Licensed Plastic Chair', 'Our dog-friendly Ball ensures haunting comfort for your pets', 27.29, true);
INSERT INTO products (id, merchant_id, name, description, price, is_available) VALUES ('4531c0ad-8841-4113-b572-73b42db3c49b', '4bb1df3b-f0ff-4b91-aa82-e72c555f08cd', 'Awesome Wooden Chair', 'The sleek and judicious Keyboard comes with lavender LED lighting for smart functionality', 10.15, true);
INSERT INTO merchants (id, owner_id, name, description, category, status, rating, address_line1, latitude, longitude) VALUES ('3a472712-a8df-425c-a172-8afb811409a6', '837e8f49-fcbb-4542-b9ec-ff68dcc89dfc', 'Lesch and Sons Mart', 'AI-driven explicit analyzer', 'retail', 'active', 3.74, '62125 Bosco Crossroad', 41.83571935604797, -87.59274730679931);
INSERT INTO products (id, merchant_id, name, description, price, is_available) VALUES ('bfdb1f8f-32d5-462d-8949-4c25fcd5a0a3', '3a472712-a8df-425c-a172-8afb811409a6', 'Gorgeous Metal Ball', 'New red Table with ergonomic design for interesting comfort', 89.55, true);
INSERT INTO products (id, merchant_id, name, description, price, is_available) VALUES ('f7178392-3e0c-492f-b433-7a69c5efd374', '3a472712-a8df-425c-a172-8afb811409a6', 'Ergonomic Concrete Chicken', 'Small Hat designed with Wooden for reasonable performance', 16.39, true);
INSERT INTO products (id, merchant_id, name, description, price, is_available) VALUES ('e835266b-cb25-45fc-8416-3bf20ddcb527', '3a472712-a8df-425c-a172-8afb811409a6', 'Licensed Cotton Pants', 'Spencer - Dare''s most advanced Bike technology increases well-off capabilities', 96.59, true);
INSERT INTO products (id, merchant_id, name, description, price, is_available) VALUES ('872e0212-7124-48bc-9614-1cded478bc74', '3a472712-a8df-425c-a172-8afb811409a6', 'Licensed Rubber Tuna', 'Professional-grade Chair perfect for primary training and recreational use', 37.95, true);
INSERT INTO products (id, merchant_id, name, description, price, is_available) VALUES ('a2cef065-415a-4f45-99cd-866bff8b75be', '3a472712-a8df-425c-a172-8afb811409a6', 'Sleek Marble Computer', 'Ergonomic Ball made with Wooden for all-day wry support', 71.79, true);
INSERT INTO products (id, merchant_id, name, description, price, is_available) VALUES ('f967de90-1f8f-48ca-9b8c-7c4026ee568a', '3a472712-a8df-425c-a172-8afb811409a6', 'Recycled Granite Chair', 'The Innovative bifurcated conglomeration Hat offers reliable performance and unselfish design', 36.59, true);
INSERT INTO products (id, merchant_id, name, description, price, is_available) VALUES ('32984c9a-49d6-4e4f-9ad6-690fe55b58a7', '3a472712-a8df-425c-a172-8afb811409a6', 'Intelligent Gold Table', 'The white Towels combines American Samoa aesthetics with Magnesium-based durability', 63.29, true);
INSERT INTO products (id, merchant_id, name, description, price, is_available) VALUES ('4cb25f99-eda3-4fa0-865b-b8f75b447a08', '3a472712-a8df-425c-a172-8afb811409a6', 'Unbranded Bronze Table', 'Introducing the Mongolia-inspired Soap, blending these style with local craftsmanship', 71.35, true);
INSERT INTO products (id, merchant_id, name, description, price, is_available) VALUES ('3b4172a3-93ee-4b44-b450-99183984496e', '3a472712-a8df-425c-a172-8afb811409a6', 'Unbranded Bronze Soap', 'Ergonomic Ball made with Aluminum for all-day blind support', 59.65, true);
INSERT INTO products (id, merchant_id, name, description, price, is_available) VALUES ('647843f9-4a92-450c-8716-17d81725cd06', '3a472712-a8df-425c-a172-8afb811409a6', 'Intelligent Metal Pizza', 'Featuring Actinium-enhanced technology, our Pants offers unparalleled other performance', 99.99, true);
INSERT INTO merchants (id, owner_id, name, description, category, status, rating, address_line1, latitude, longitude) VALUES ('35b2bc91-aa8c-42bb-8ada-ad22d9511c14', 'fecc91da-1928-43ac-a01f-a436fbf8638a', 'Abernathy, Harber and Schmidt Mart', 'Stand-alone clear-thinking initiative', 'grocery', 'active', 4.79, '91011 Vicente Drive', 40.72633304594363, -73.97816087472178);
INSERT INTO products (id, merchant_id, name, description, price, is_available) VALUES ('387a172e-d43a-4103-bb64-8b8ebe0e4cf0', '35b2bc91-aa8c-42bb-8ada-ad22d9511c14', 'Modern Steel Pizza', 'Savor the smoky essence in our Sausages, designed for breakable culinary adventures', 46.60, true);
INSERT INTO products (id, merchant_id, name, description, price, is_available) VALUES ('a2349870-8073-44a6-a9bb-8dea1193f381', '35b2bc91-aa8c-42bb-8ada-ad22d9511c14', 'Refined Plastic Fish', 'Introducing the Falkland Islands (Malvinas)-inspired Shirt, blending spiteful style with local craftsmanship', 94.29, true);
INSERT INTO products (id, merchant_id, name, description, price, is_available) VALUES ('470561ca-b188-4894-8b73-a55487662759', '35b2bc91-aa8c-42bb-8ada-ad22d9511c14', 'Elegant Granite Hat', 'Introducing the Madagascar-inspired Fish, blending downright style with local craftsmanship', 79.79, true);
INSERT INTO products (id, merchant_id, name, description, price, is_available) VALUES ('ab6a8831-1273-435b-bd40-7477d0f1cb34', '35b2bc91-aa8c-42bb-8ada-ad22d9511c14', 'Licensed Granite Pants', 'Dicki - Huels''s most advanced Table technology increases hefty capabilities', 28.89, true);
INSERT INTO products (id, merchant_id, name, description, price, is_available) VALUES ('23f3039e-6da1-4994-89e3-ef43084f8842', '35b2bc91-aa8c-42bb-8ada-ad22d9511c14', 'Small Plastic Bacon', 'The salmon Car combines Montenegro aesthetics with Hassium-based durability', 93.29, true);
INSERT INTO products (id, merchant_id, name, description, price, is_available) VALUES ('ff8b4633-546f-4611-b9a1-2bf739153497', '35b2bc91-aa8c-42bb-8ada-ad22d9511c14', 'Intelligent Gold Keyboard', 'Stylish Keyboard designed to make you stand out with mad looks', 5.39, true);
INSERT INTO products (id, merchant_id, name, description, price, is_available) VALUES ('16c04936-a798-4cad-a571-187e564d6a0f', '35b2bc91-aa8c-42bb-8ada-ad22d9511c14', 'Generic Metal Pizza', 'Experience the violet brilliance of our Soap, perfect for our environments', 77.29, true);
INSERT INTO products (id, merchant_id, name, description, price, is_available) VALUES ('fecb368a-3449-4658-b96d-ceed50150814', '35b2bc91-aa8c-42bb-8ada-ad22d9511c14', 'Fresh Gold Soap', 'The sleek and twin Car comes with yellow LED lighting for smart functionality', 14.59, true);
INSERT INTO products (id, merchant_id, name, description, price, is_available) VALUES ('05364f99-5cf9-4859-9978-69be64e5e9cd', '35b2bc91-aa8c-42bb-8ada-ad22d9511c14', 'Handmade Ceramic Soap', 'The Missouri Table is the latest in a series of ethical products from Goodwin, Cole and Beer', 23.89, true);
INSERT INTO products (id, merchant_id, name, description, price, is_available) VALUES ('a0e2b58a-941b-494a-ad78-cb109ddf0336', '35b2bc91-aa8c-42bb-8ada-ad22d9511c14', 'Refined Cotton Chips', 'Experience the olive brilliance of our Hat, perfect for recent environments', 63.49, true);
INSERT INTO merchants (id, owner_id, name, description, category, status, rating, address_line1, latitude, longitude) VALUES ('344c1084-ebff-4874-bbec-62aba18c6443', '15576b7d-89ba-4ebf-95f9-428fdb0cbd16', 'Cole, Kiehn and Rempel Mart', 'Persevering 24 hour architecture', 'grocery', 'active', 4.65, '335 Davis Street', 41.90524602003583, -87.66423032150895);
INSERT INTO products (id, merchant_id, name, description, price, is_available) VALUES ('d30c895c-84d2-4faa-827a-0c6a799da041', '344c1084-ebff-4874-bbec-62aba18c6443', 'Generic Wooden Cheese', 'The red Keyboard combines South Sudan aesthetics with Radon-based durability', 56.39, true);
INSERT INTO products (id, merchant_id, name, description, price, is_available) VALUES ('c37756a6-ee83-410c-9cfb-4d0b8d60eafa', '344c1084-ebff-4874-bbec-62aba18c6443', 'Fantastic Bamboo Salad', 'Our savory-inspired Bacon brings a taste of luxury to your second lifestyle', 75.75, true);
INSERT INTO products (id, merchant_id, name, description, price, is_available) VALUES ('ab166581-4f03-454e-b975-717d7240b62e', '344c1084-ebff-4874-bbec-62aba18c6443', 'Elegant Cotton Fish', 'Sleek Hat designed with Concrete for infinite performance', 9.50, true);
INSERT INTO products (id, merchant_id, name, description, price, is_available) VALUES ('fc2d2271-f715-435d-80a5-5debba4f978c', '344c1084-ebff-4874-bbec-62aba18c6443', 'Fresh Plastic Ball', 'The Hallie Sausages is the latest in a series of wavy products from Ebert, Bernhard and Terry', 58.39, true);
INSERT INTO products (id, merchant_id, name, description, price, is_available) VALUES ('a0e59dbb-09e8-4801-8841-2197b92fa76c', '344c1084-ebff-4874-bbec-62aba18c6443', 'Sleek Metal Bike', 'Savor the juicy essence in our Shirt, designed for prickly culinary adventures', 63.59, true);
INSERT INTO products (id, merchant_id, name, description, price, is_available) VALUES ('59b0598d-fbb5-40d1-b1fd-696a55782336', '344c1084-ebff-4874-bbec-62aba18c6443', 'Fresh Silk Computer', 'New Bike model with 26 GB RAM, 560 GB storage, and grown features', 58.00, true);
INSERT INTO products (id, merchant_id, name, description, price, is_available) VALUES ('0a9b030a-1fca-4317-adb8-ad33f8faf128', '344c1084-ebff-4874-bbec-62aba18c6443', 'Modern Wooden Mouse', 'The Annamae Chair is the latest in a series of qualified products from Kuvalis LLC', 84.25, true);
INSERT INTO products (id, merchant_id, name, description, price, is_available) VALUES ('62b435d9-a416-4aaa-b5dc-526b88c28d83', '344c1084-ebff-4874-bbec-62aba18c6443', 'Recycled Metal Car', 'The Business-focused real-time knowledge user Pants offers reliable performance and perky design', 73.59, true);
INSERT INTO products (id, merchant_id, name, description, price, is_available) VALUES ('f87af1b9-8925-4046-a74e-06091eff04b8', '344c1084-ebff-4874-bbec-62aba18c6443', 'Tasty Gold Car', 'Our bear-friendly Towels ensures powerful comfort for your pets', 45.20, true);
INSERT INTO products (id, merchant_id, name, description, price, is_available) VALUES ('a150dab6-bffa-451e-b125-e442130571fa', '344c1084-ebff-4874-bbec-62aba18c6443', 'Ergonomic Concrete Mouse', 'Our tiger-friendly Chicken ensures intrepid comfort for your pets', 74.93, true);
INSERT INTO merchants (id, owner_id, name, description, category, status, rating, address_line1, latitude, longitude) VALUES ('143a8e64-2592-48b4-b2df-e3fc8ac09d1b', 'af10db48-6798-4958-9d54-75e9b01661c9', 'Murphy, McDermott and Stark Cafe', 'Triple-buffered asynchronous utilisation', 'restaurant', 'active', 4.25, '5728 Broad Street', 41.9012432365221, -87.61194553686715);
INSERT INTO products (id, merchant_id, name, description, price, is_available) VALUES ('a94dfdc5-42ec-4f0b-9d72-e8270a991da1', '143a8e64-2592-48b4-b2df-e3fc8ac09d1b', 'Oriental Wooden Chicken', 'Experience the magenta brilliance of our Bike, perfect for stormy environments', 10.93, true);
INSERT INTO products (id, merchant_id, name, description, price, is_available) VALUES ('3642015e-45ce-4209-93fe-06d2c8394173', '143a8e64-2592-48b4-b2df-e3fc8ac09d1b', 'Incredible Bamboo Soap', 'Discover the unsteady new Bacon with an exciting mix of Bronze ingredients', 48.99, true);
INSERT INTO products (id, merchant_id, name, description, price, is_available) VALUES ('92a5a9c7-6113-450f-aefb-98876d77edc8', '143a8e64-2592-48b4-b2df-e3fc8ac09d1b', 'Electronic Marble Mouse', 'New mint green Chips with ergonomic design for near comfort', 54.69, true);
INSERT INTO products (id, merchant_id, name, description, price, is_available) VALUES ('e97a68be-3d8c-464c-bb60-571752444943', '143a8e64-2592-48b4-b2df-e3fc8ac09d1b', 'Refined Aluminum Cheese', 'Our bird-friendly Gloves ensures instructive comfort for your pets', 96.40, true);
INSERT INTO products (id, merchant_id, name, description, price, is_available) VALUES ('091afc65-d9a0-4102-838d-c5ff9ea82c0d', '143a8e64-2592-48b4-b2df-e3fc8ac09d1b', 'Licensed Concrete Towels', 'Stylish Hat designed to make you stand out with rusty looks', 99.19, true);
INSERT INTO products (id, merchant_id, name, description, price, is_available) VALUES ('1a8cf02c-0eff-4a23-b9ff-f07f1cf12610', '143a8e64-2592-48b4-b2df-e3fc8ac09d1b', 'Awesome Silk Chair', 'Ergonomic Tuna made with Marble for all-day outgoing support', 39.55, true);
INSERT INTO products (id, merchant_id, name, description, price, is_available) VALUES ('c9998fff-bf6d-4e7b-805d-3bd389e148a1', '143a8e64-2592-48b4-b2df-e3fc8ac09d1b', 'Small Bamboo Car', 'Featuring Bohrium-enhanced technology, our Gloves offers unparalleled aching performance', 72.99, true);
INSERT INTO products (id, merchant_id, name, description, price, is_available) VALUES ('b12a1475-e79f-4e34-8867-78f41d8ae643', '143a8e64-2592-48b4-b2df-e3fc8ac09d1b', 'Rustic Bamboo Fish', 'Bespoke Mouse designed with Aluminum for straight performance', 80.49, true);
INSERT INTO products (id, merchant_id, name, description, price, is_available) VALUES ('1f2793d4-1216-465e-b664-1fbd770484d2', '143a8e64-2592-48b4-b2df-e3fc8ac09d1b', 'Licensed Steel Sausages', 'The Josefina Hat is the latest in a series of qualified products from Sipes, Bartell and Vandervort', 40.42, true);
INSERT INTO products (id, merchant_id, name, description, price, is_available) VALUES ('553e04bb-5294-4e07-8d68-8b4fad4b50d6', '143a8e64-2592-48b4-b2df-e3fc8ac09d1b', 'Ergonomic Granite Sausages', 'Savor the smoky essence in our Mouse, designed for metallic culinary adventures', 56.25, true);
INSERT INTO merchants (id, owner_id, name, description, category, status, rating, address_line1, latitude, longitude) VALUES ('2ea1a07a-3519-474d-8216-de01813c3349', 'da10f8b2-bae4-459e-b415-af2c38b1c150', 'Grady, Gibson and Hayes Mart', 'Devolved intangible support', 'grocery', 'active', 4.42, '695 Victoria Place', 41.84936714956378, -87.67919454568786);
INSERT INTO products (id, merchant_id, name, description, price, is_available) VALUES ('ba73a5a4-a828-4c25-aac5-0aac07f338bb', '2ea1a07a-3519-474d-8216-de01813c3349', 'Unbranded Rubber Mouse', 'New Chips model with 37 GB RAM, 350 GB storage, and self-reliant features', 82.19, true);
INSERT INTO products (id, merchant_id, name, description, price, is_available) VALUES ('4bbe30d6-1d67-4efb-bc31-8006af506460', '2ea1a07a-3519-474d-8216-de01813c3349', 'Luxurious Bamboo Fish', 'The sleek and unruly Soap comes with mint green LED lighting for smart functionality', 40.97, true);
INSERT INTO products (id, merchant_id, name, description, price, is_available) VALUES ('f2a4e4d7-b04e-4a7c-8712-f668b1895292', '2ea1a07a-3519-474d-8216-de01813c3349', 'Rustic Marble Mouse', 'Experience the silver brilliance of our Chair, perfect for regal environments', 43.89, true);
INSERT INTO products (id, merchant_id, name, description, price, is_available) VALUES ('06bca9ad-64cd-4635-8ef2-ddd1e6602774', '2ea1a07a-3519-474d-8216-de01813c3349', 'Soft Marble Gloves', 'Savor the delicious essence in our Mouse, designed for optimistic culinary adventures', 96.29, true);
INSERT INTO products (id, merchant_id, name, description, price, is_available) VALUES ('32e28f20-154c-46dd-9649-3e1c6167d56f', '2ea1a07a-3519-474d-8216-de01813c3349', 'Bespoke Marble Bike', 'Our zebra-friendly Computer ensures unlucky comfort for your pets', 34.19, true);
INSERT INTO products (id, merchant_id, name, description, price, is_available) VALUES ('99907964-c6c1-4024-b478-dd8e916fd7b3', '2ea1a07a-3519-474d-8216-de01813c3349', 'Oriental Steel Chips', 'Ergonomic Shirt made with Gold for all-day bright support', 46.29, true);
INSERT INTO products (id, merchant_id, name, description, price, is_available) VALUES ('11314b2e-2a12-486b-95f0-1d4194be3a19', '2ea1a07a-3519-474d-8216-de01813c3349', 'Rustic Rubber Shoes', 'Introducing the Svalbard & Jan Mayen Islands-inspired Hat, blending mindless style with local craftsmanship', 13.49, true);
INSERT INTO products (id, merchant_id, name, description, price, is_available) VALUES ('3bcb4d14-a7ff-4b2e-8985-a769b00813d2', '2ea1a07a-3519-474d-8216-de01813c3349', 'Fresh Marble Hat', 'Introducing the Palau-inspired Shoes, blending secret style with local craftsmanship', 30.20, true);
INSERT INTO products (id, merchant_id, name, description, price, is_available) VALUES ('373c469c-90e4-4c41-a3c3-b011c0f43b8f', '2ea1a07a-3519-474d-8216-de01813c3349', 'Handmade Bamboo Sausages', 'Barton, Wiegand and Schoen''s most advanced Bike technology increases winding capabilities', 88.80, true);
INSERT INTO products (id, merchant_id, name, description, price, is_available) VALUES ('80827d1a-9afd-4ec3-a06a-03b3a44925d7', '2ea1a07a-3519-474d-8216-de01813c3349', 'Incredible Ceramic Bacon', 'Experience the mint green brilliance of our Soap, perfect for strange environments', 65.75, true);
INSERT INTO merchants (id, owner_id, name, description, category, status, rating, address_line1, latitude, longitude) VALUES ('0970a998-ecbf-43c0-8d54-84d3300f5b5f', 'c713f248-54a2-4714-85a7-4a7b6b93820b', 'Toy, Wiegand and Hackett Cafe', 'Phased dedicated model', 'restaurant', 'active', 4.68, '125 Savion Causeway', 34.08019453657058, -118.29247694818446);
INSERT INTO products (id, merchant_id, name, description, price, is_available) VALUES ('b9442dcf-4bfa-43eb-ac83-55bd6a70ef77', '0970a998-ecbf-43c0-8d54-84d3300f5b5f', 'Generic Cotton Ball', 'Featuring Argon-enhanced technology, our Towels offers unparalleled enchanting performance', 22.69, true);
INSERT INTO products (id, merchant_id, name, description, price, is_available) VALUES ('8a40fa1f-6eb1-4971-80f4-c4b31b4c8514', '0970a998-ecbf-43c0-8d54-84d3300f5b5f', 'Oriental Ceramic Chair', 'Introducing the Tunisia-inspired Pizza, blending french style with local craftsmanship', 24.79, true);
INSERT INTO products (id, merchant_id, name, description, price, is_available) VALUES ('b0d48c1c-e88b-4d81-99e3-0db30d06ada5', '0970a998-ecbf-43c0-8d54-84d3300f5b5f', 'Fantastic Cotton Bike', 'Crist, Russel and Pagac''s most advanced Pizza technology increases suburban capabilities', 72.55, true);
INSERT INTO products (id, merchant_id, name, description, price, is_available) VALUES ('9bd07445-08b4-4907-ba95-929394a4a316', '0970a998-ecbf-43c0-8d54-84d3300f5b5f', 'Rustic Ceramic Shirt', 'Ergonomic Chair made with Bronze for all-day whispered support', 59.69, true);
INSERT INTO products (id, merchant_id, name, description, price, is_available) VALUES ('e159ec6d-9822-4168-b3e1-a97db54c2b34', '0970a998-ecbf-43c0-8d54-84d3300f5b5f', 'Practical Granite Bacon', 'Ergonomic Chips made with Cotton for all-day bleak support', 14.29, true);
INSERT INTO products (id, merchant_id, name, description, price, is_available) VALUES ('f122b5b7-0a17-4687-8b92-f5d20edf1b5b', '0970a998-ecbf-43c0-8d54-84d3300f5b5f', 'Small Granite Hat', 'Experience the azure brilliance of our Chips, perfect for snappy environments', 46.31, true);
INSERT INTO products (id, merchant_id, name, description, price, is_available) VALUES ('73345393-7680-45ed-ab58-2b6efc2c9701', '0970a998-ecbf-43c0-8d54-84d3300f5b5f', 'Unbranded Plastic Car', 'The Estefania Table is the latest in a series of decisive products from Dibbert and Sons', 46.29, true);
INSERT INTO products (id, merchant_id, name, description, price, is_available) VALUES ('9006db5a-88ea-4b94-b772-503c45a93c63', '0970a998-ecbf-43c0-8d54-84d3300f5b5f', 'Practical Steel Towels', 'New Chair model with 60 GB RAM, 466 GB storage, and utter features', 22.19, true);
INSERT INTO products (id, merchant_id, name, description, price, is_available) VALUES ('8e8f347e-5036-468d-b5c7-35ab714ea89d', '0970a998-ecbf-43c0-8d54-84d3300f5b5f', 'Frozen Steel Chicken', 'Discover the stained new Salad with an exciting mix of Cotton ingredients', 8.99, true);
INSERT INTO products (id, merchant_id, name, description, price, is_available) VALUES ('f893d0a6-a4d8-448c-9edd-d2a47eb62b9a', '0970a998-ecbf-43c0-8d54-84d3300f5b5f', 'Bespoke Silk Shirt', 'Professional-grade Chicken perfect for only training and recreational use', 93.89, true);
INSERT INTO merchants (id, owner_id, name, description, category, status, rating, address_line1, latitude, longitude) VALUES ('1c944ef4-8189-41fb-92e4-a958cf27f6a9', '83a72191-f3f5-4ea1-b466-9941b7a90cc6', 'Ankunding - Bashirian Mart', 'Decentralized exuding toolset', 'grocery', 'active', 4.96, '990 Mann Key', 29.71299757490428, -95.3234993589309);
INSERT INTO products (id, merchant_id, name, description, price, is_available) VALUES ('5cd255b4-9d38-44ac-843a-e5a635237b16', '1c944ef4-8189-41fb-92e4-a958cf27f6a9', 'Rustic Steel Shirt', 'Stylish Car designed to make you stand out with webbed looks', 63.79, true);
INSERT INTO products (id, merchant_id, name, description, price, is_available) VALUES ('3121988f-5688-49cf-b0bc-fa17c11e1195', '1c944ef4-8189-41fb-92e4-a958cf27f6a9', 'Gorgeous Ceramic Keyboard', 'Savor the bitter essence in our Bacon, designed for enlightened culinary adventures', 43.99, true);
INSERT INTO products (id, merchant_id, name, description, price, is_available) VALUES ('7afb2014-7c0a-474e-a71d-cd75438a4e21', '1c944ef4-8189-41fb-92e4-a958cf27f6a9', 'Fantastic Concrete Computer', 'New lavender Ball with ergonomic design for rusty comfort', 13.62, true);
INSERT INTO products (id, merchant_id, name, description, price, is_available) VALUES ('fcd20287-af03-4e05-bab5-24f0fd0d34d8', '1c944ef4-8189-41fb-92e4-a958cf27f6a9', 'Elegant Marble Tuna', 'The purple Sausages combines Morocco aesthetics with Neon-based durability', 38.79, true);
INSERT INTO products (id, merchant_id, name, description, price, is_available) VALUES ('a2981167-ab23-4c37-b964-fb0e632f826d', '1c944ef4-8189-41fb-92e4-a958cf27f6a9', 'Fantastic Concrete Chips', 'Savor the tangy essence in our Salad, designed for peaceful culinary adventures', 5.55, true);
INSERT INTO products (id, merchant_id, name, description, price, is_available) VALUES ('bf078058-041e-48cb-a9af-2f333512f5c2', '1c944ef4-8189-41fb-92e4-a958cf27f6a9', 'Handcrafted Aluminum Gloves', 'Our savory-inspired Chicken brings a taste of luxury to your rectangular lifestyle', 37.49, true);
INSERT INTO products (id, merchant_id, name, description, price, is_available) VALUES ('ac184d4c-f32f-4a24-86c7-dc2789c1b6dc', '1c944ef4-8189-41fb-92e4-a958cf27f6a9', 'Licensed Silk Bacon', 'The blue Pants combines Slovakia aesthetics with Neodymium-based durability', 34.62, true);
INSERT INTO products (id, merchant_id, name, description, price, is_available) VALUES ('c21d6089-7c18-4f33-8c88-fb90d0e7a8f1', '1c944ef4-8189-41fb-92e4-a958cf27f6a9', 'Licensed Bamboo Salad', 'Featuring Nihonium-enhanced technology, our Mouse offers unparalleled ripe performance', 91.89, true);
INSERT INTO products (id, merchant_id, name, description, price, is_available) VALUES ('112c028b-8480-459d-9162-c90f5ab0cde6', '1c944ef4-8189-41fb-92e4-a958cf27f6a9', 'Electronic Metal Shirt', 'Our smoky-inspired Fish brings a taste of luxury to your weekly lifestyle', 42.69, true);
INSERT INTO products (id, merchant_id, name, description, price, is_available) VALUES ('cad491ac-f311-44fa-a51c-8d553e3eb448', '1c944ef4-8189-41fb-92e4-a958cf27f6a9', 'Recycled Bronze Car', 'Oberbrunner, O''Connell and Kuhlman''s most advanced Cheese technology increases profuse capabilities', 38.09, true);
INSERT INTO merchants (id, owner_id, name, description, category, status, rating, address_line1, latitude, longitude) VALUES ('5ac9a832-fac3-43f2-830d-963da6e00a00', '0e74b026-f001-4442-8bb6-89d6ed84bb2e', 'Hauck, Boyer and Jenkins Mart', 'Visionary immersive knowledge base', 'grocery', 'active', 3.9, '252 Grove Street', 40.749609318531945, -74.00460261831829);
INSERT INTO products (id, merchant_id, name, description, price, is_available) VALUES ('097aa7c7-c060-4e77-b79f-440367c9fdbc', '5ac9a832-fac3-43f2-830d-963da6e00a00', 'Bespoke Silk Bacon', 'Introducing the Cambodia-inspired Bike, blending aged style with local craftsmanship', 71.89, true);
INSERT INTO products (id, merchant_id, name, description, price, is_available) VALUES ('9f824ca4-1e0f-4cf0-ae2d-3631175ec2a5', '5ac9a832-fac3-43f2-830d-963da6e00a00', 'Electronic Rubber Sausages', 'The Diverse global website Salad offers reliable performance and flustered design', 33.15, true);
INSERT INTO products (id, merchant_id, name, description, price, is_available) VALUES ('99f83979-fcaa-4f90-b20f-97e2c6734867', '5ac9a832-fac3-43f2-830d-963da6e00a00', 'Handcrafted Cotton Bike', 'Incredible Shoes designed with Marble for palatable performance', 68.99, true);
INSERT INTO products (id, merchant_id, name, description, price, is_available) VALUES ('4ee0d94a-7d93-4aaa-bdd3-bf010aae60ac', '5ac9a832-fac3-43f2-830d-963da6e00a00', 'Fresh Cotton Shirt', 'Professional-grade Fish perfect for metallic training and recreational use', 83.95, true);
INSERT INTO products (id, merchant_id, name, description, price, is_available) VALUES ('2b08a128-7ae2-4c12-b49e-f38a8565b339', '5ac9a832-fac3-43f2-830d-963da6e00a00', 'Sleek Rubber Gloves', 'Ergonomic Pizza made with Silk for all-day splendid support', 20.95, true);
INSERT INTO products (id, merchant_id, name, description, price, is_available) VALUES ('19bc9ae7-61e2-46ef-b315-d444b5c25d6b', '5ac9a832-fac3-43f2-830d-963da6e00a00', 'Modern Marble Pants', 'The sleek and descriptive Shirt comes with turquoise LED lighting for smart functionality', 14.29, true);
INSERT INTO products (id, merchant_id, name, description, price, is_available) VALUES ('004fb48e-d21a-42b3-986d-89c87f848017', '5ac9a832-fac3-43f2-830d-963da6e00a00', 'Refined Granite Shirt', 'Experience the azure brilliance of our Chicken, perfect for unpleasant environments', 65.09, true);
INSERT INTO products (id, merchant_id, name, description, price, is_available) VALUES ('082a7cd1-8ab3-424c-b294-b699698a8848', '5ac9a832-fac3-43f2-830d-963da6e00a00', 'Incredible Bamboo Gloves', 'Our smoky-inspired Bacon brings a taste of luxury to your advanced lifestyle', 90.25, true);
INSERT INTO products (id, merchant_id, name, description, price, is_available) VALUES ('bd5fce42-9dd4-4fa9-9799-2220f9f427ba', '5ac9a832-fac3-43f2-830d-963da6e00a00', 'Oriental Aluminum Cheese', 'Discover the gecko-like agility of our Fish, perfect for wonderful users', 61.09, true);
INSERT INTO products (id, merchant_id, name, description, price, is_available) VALUES ('f6af6591-048f-4558-bdff-e7e3d9056b6d', '5ac9a832-fac3-43f2-830d-963da6e00a00', 'Awesome Wooden Chips', 'Innovative Shoes featuring front technology and Granite construction', 71.45, true);
INSERT INTO merchants (id, owner_id, name, description, category, status, rating, address_line1, latitude, longitude) VALUES ('9f12b5fd-7fe3-4c63-a2ca-c05ab6913386', '433a112e-dff0-4d5c-bfbd-88f613a6c82a', 'Gulgowski - Hagenes Mart', 'Distributed intermediate utilisation', 'retail', 'active', 4.28, '443 Dorothy Ridge', 34.06687854336286, -118.2746657779995);
INSERT INTO products (id, merchant_id, name, description, price, is_available) VALUES ('996ab4db-7db6-4cff-8501-e3dc553a8c0f', '9f12b5fd-7fe3-4c63-a2ca-c05ab6913386', 'Electronic Marble Gloves', 'New Chair model with 82 GB RAM, 333 GB storage, and fortunate features', 44.90, true);
INSERT INTO products (id, merchant_id, name, description, price, is_available) VALUES ('ae9c549d-580f-4e69-a4f1-4819c29226a0', '9f12b5fd-7fe3-4c63-a2ca-c05ab6913386', 'Fresh Wooden Gloves', 'Professional-grade Shirt perfect for vague training and recreational use', 66.19, true);
INSERT INTO products (id, merchant_id, name, description, price, is_available) VALUES ('2642eade-e30d-484c-b49c-1106fffe4ce7', '9f12b5fd-7fe3-4c63-a2ca-c05ab6913386', 'Modern Plastic Pizza', 'The sleek and velvety Mouse comes with sky blue LED lighting for smart functionality', 89.59, true);
INSERT INTO products (id, merchant_id, name, description, price, is_available) VALUES ('6c655b6e-8f2e-4d6a-bd5f-a2fa29dcc528', '9f12b5fd-7fe3-4c63-a2ca-c05ab6913386', 'Licensed Bamboo Salad', 'Lakin LLC''s most advanced Car technology increases suburban capabilities', 52.65, true);
INSERT INTO products (id, merchant_id, name, description, price, is_available) VALUES ('7b22419d-bd79-4d91-a12e-192449abd166', '9f12b5fd-7fe3-4c63-a2ca-c05ab6913386', 'Modern Metal Keyboard', 'Daugherty, Wisozk and Lemke''s most advanced Pants technology increases phony capabilities', 55.39, true);
INSERT INTO products (id, merchant_id, name, description, price, is_available) VALUES ('34c04fe7-bb12-41a4-bea3-faf7cad4ea2f', '9f12b5fd-7fe3-4c63-a2ca-c05ab6913386', 'Gorgeous Gold Cheese', 'Professional-grade Fish perfect for broken training and recreational use', 12.25, true);
INSERT INTO products (id, merchant_id, name, description, price, is_available) VALUES ('e95d676c-e979-4328-93d0-3281ced42c13', '9f12b5fd-7fe3-4c63-a2ca-c05ab6913386', 'Ergonomic Bamboo Ball', 'Our tender-inspired Table brings a taste of luxury to your mean lifestyle', 22.09, true);
INSERT INTO products (id, merchant_id, name, description, price, is_available) VALUES ('700ec337-9fe2-4799-a02b-73e3623f9ba8', '9f12b5fd-7fe3-4c63-a2ca-c05ab6913386', 'Frozen Cotton Towels', 'Introducing the Brazil-inspired Bike, blending imaginary style with local craftsmanship', 58.10, true);
INSERT INTO products (id, merchant_id, name, description, price, is_available) VALUES ('980b0abe-c471-4f4c-8acf-e8e6eabd2e33', '9f12b5fd-7fe3-4c63-a2ca-c05ab6913386', 'Handmade Gold Pizza', 'The Felicia Mouse is the latest in a series of shocked products from Kohler, Towne and VonRueden', 52.20, true);
INSERT INTO products (id, merchant_id, name, description, price, is_available) VALUES ('8cdd2744-c259-4846-9e54-438baf296e7f', '9f12b5fd-7fe3-4c63-a2ca-c05ab6913386', 'Bespoke Concrete Keyboard', 'Trantow, Borer and Rodriguez''s most advanced Bike technology increases perfumed capabilities', 67.05, true);
INSERT INTO merchants (id, owner_id, name, description, category, status, rating, address_line1, latitude, longitude) VALUES ('327efd06-f96c-4d2b-b6c4-a5cf9fa6af42', 'a819d5dd-c619-4652-aa75-f620f6d1764b', 'Mayert Inc Mart', 'Intuitive 24 hour website', 'grocery', 'active', 3.74, '70097 Woodlands Avenue', 41.891342059766686, -87.62369808279102);
INSERT INTO products (id, merchant_id, name, description, price, is_available) VALUES ('01f1e2b6-3104-41a8-a5fd-a7d73662ea10', '327efd06-f96c-4d2b-b6c4-a5cf9fa6af42', 'Unbranded Gold Cheese', 'The Future-proofed empowering interface Hat offers reliable performance and filthy design', 17.99, true);
INSERT INTO products (id, merchant_id, name, description, price, is_available) VALUES ('b2fcfdb9-a846-4d8e-ba8e-3d9ae369957f', '327efd06-f96c-4d2b-b6c4-a5cf9fa6af42', 'Unbranded Rubber Ball', 'Innovative Table featuring infinite technology and Aluminum construction', 66.55, true);
INSERT INTO products (id, merchant_id, name, description, price, is_available) VALUES ('f1cd5465-24e5-44c1-b508-86eba6f6451a', '327efd06-f96c-4d2b-b6c4-a5cf9fa6af42', 'Intelligent Granite Pizza', 'The sleek and partial Shoes comes with silver LED lighting for smart functionality', 24.39, true);
INSERT INTO products (id, merchant_id, name, description, price, is_available) VALUES ('4e25f1e2-c0b6-452b-8e63-2afb1e3b8a2a', '327efd06-f96c-4d2b-b6c4-a5cf9fa6af42', 'Bespoke Rubber Mouse', 'Innovative Soap featuring lumbering technology and Bronze construction', 81.49, true);
INSERT INTO products (id, merchant_id, name, description, price, is_available) VALUES ('30b8b98f-fd4f-4cbc-bfba-fb59ec61ccf0', '327efd06-f96c-4d2b-b6c4-a5cf9fa6af42', 'Sleek Metal Gloves', 'Weimann, Klein and Padberg''s most advanced Pizza technology increases thrifty capabilities', 45.49, true);
INSERT INTO products (id, merchant_id, name, description, price, is_available) VALUES ('63e19a1c-6e23-49a1-ac54-4e4aa0327e13', '327efd06-f96c-4d2b-b6c4-a5cf9fa6af42', 'Practical Silk Chicken', 'Our delicious-inspired Table brings a taste of luxury to your wee lifestyle', 76.79, true);
INSERT INTO products (id, merchant_id, name, description, price, is_available) VALUES ('6f4250d0-ab4a-4e82-9189-b1f4f1e38712', '327efd06-f96c-4d2b-b6c4-a5cf9fa6af42', 'Sleek Silk Towels', 'Introducing the Vanuatu-inspired Keyboard, blending memorable style with local craftsmanship', 69.35, true);
INSERT INTO products (id, merchant_id, name, description, price, is_available) VALUES ('dd3ef093-e2e5-4b79-9d71-7fec08df6d00', '327efd06-f96c-4d2b-b6c4-a5cf9fa6af42', 'Soft Concrete Gloves', 'Discover the rabbit-like agility of our Towels, perfect for elliptical users', 59.25, true);
INSERT INTO products (id, merchant_id, name, description, price, is_available) VALUES ('3f2315f9-6a38-4463-bd22-921a5fda607f', '327efd06-f96c-4d2b-b6c4-a5cf9fa6af42', 'Small Plastic Cheese', 'Experience the green brilliance of our Towels, perfect for alive environments', 66.20, true);
INSERT INTO products (id, merchant_id, name, description, price, is_available) VALUES ('e73f39b0-2dd0-4cb7-9cdd-ee2f9efa1572', '327efd06-f96c-4d2b-b6c4-a5cf9fa6af42', 'Rustic Bronze Tuna', 'Discover the bee-like agility of our Pizza, perfect for parched users', 69.55, true);

-- Orders & Payments
INSERT INTO orders (id, customer_id, merchant_id, driver_id, service_type, status, total_amount, pickup_location, dropoff_location) VALUES ('a9089187-bd9a-453d-8a3e-555147a8abf9', '1c9af558-a4b1-430b-afc2-4a4648d38a04', '1c944ef4-8189-41fb-92e4-a958cf27f6a9', '63cd5db1-5d5d-4796-b98d-f425b35ecf17', 'eats', 'cancelled', 35.38, '{"lat": 41.89574383111778, "lng": -87.66613916549564, "address": "81120 Jackson Shoals"}', '{"lat": 41.83685406733952, "lng": -87.63650308250517, "address": "6186 Avenue Road"}');
INSERT INTO payments (order_id, customer_id, amount, status) VALUES ('a9089187-bd9a-453d-8a3e-555147a8abf9', '1c9af558-a4b1-430b-afc2-4a4648d38a04', 35.38, 'refunded');
INSERT INTO orders (id, customer_id, merchant_id, driver_id, service_type, status, total_amount, pickup_location, dropoff_location) VALUES ('573d9000-1ed6-453d-bee7-b955a34e2690', 'df36bace-482f-4c2b-ac27-d505c14d2682', NULL, NULL, 'ride', 'pending', 30.97, '{"lat": 41.86168465122028, "lng": -87.59360928803905, "address": "391 W 14th Street"}', '{"lat": 41.918551010682314, "lng": -87.63703107688131, "address": "3888 Main"}');
INSERT INTO payments (order_id, customer_id, amount, status) VALUES ('573d9000-1ed6-453d-bee7-b955a34e2690', 'df36bace-482f-4c2b-ac27-d505c14d2682', 30.97, 'pending');
INSERT INTO orders (id, customer_id, merchant_id, driver_id, service_type, status, total_amount, pickup_location, dropoff_location) VALUES ('4290053c-0dbb-40da-b69e-5cc8fc2a5cc6', '4a534f17-082a-44b5-b041-74a705791a52', '327efd06-f96c-4d2b-b6c4-a5cf9fa6af42', NULL, 'eats', 'pending', 34.17, '{"lat": 41.85852119979325, "lng": -87.61325542802804, "address": "37746 Pleasant Street"}', '{"lat": 41.875289685263596, "lng": -87.60979460830161, "address": "60329 Geo Unions"}');
INSERT INTO payments (order_id, customer_id, amount, status) VALUES ('4290053c-0dbb-40da-b69e-5cc8fc2a5cc6', '4a534f17-082a-44b5-b041-74a705791a52', 34.17, 'pending');
INSERT INTO orders (id, customer_id, merchant_id, driver_id, service_type, status, total_amount, pickup_location, dropoff_location) VALUES ('ef641c4c-20c2-4ce2-9df0-3caf5a35bc53', '8546ae8a-99ad-41c3-9391-eab09822b5b8', '4bb1df3b-f0ff-4b91-aa82-e72c555f08cd', NULL, 'grocery', 'pending', 38.96, '{"lat": 41.91274708589048, "lng": -87.62872800612892, "address": "1089 Pagac-Haag Corners"}', '{"lat": 41.828733946318415, "lng": -87.66438543542479, "address": "757 Jerde Well"}');
INSERT INTO payments (order_id, customer_id, amount, status) VALUES ('ef641c4c-20c2-4ce2-9df0-3caf5a35bc53', '8546ae8a-99ad-41c3-9391-eab09822b5b8', 38.96, 'pending');
INSERT INTO orders (id, customer_id, merchant_id, driver_id, service_type, status, total_amount, pickup_location, dropoff_location) VALUES ('8f6a1539-29d6-4e9f-a1e7-7ac15c85d94e', '9a0e328a-4a4e-4e12-9b0d-5b031267eab1', NULL, NULL, 'courier', 'pending', 117.61, '{"lat": 34.04072186886818, "lng": -118.2740274237328, "address": "895 Martin Luther King Boulevard"}', '{"lat": 34.03581076058765, "lng": -118.22834837482867, "address": "203 Simon Plaza"}');
INSERT INTO payments (order_id, customer_id, amount, status) VALUES ('8f6a1539-29d6-4e9f-a1e7-7ac15c85d94e', '9a0e328a-4a4e-4e12-9b0d-5b031267eab1', 117.61, 'pending');
INSERT INTO orders (id, customer_id, merchant_id, driver_id, service_type, status, total_amount, pickup_location, dropoff_location) VALUES ('36c5f030-6e26-4262-a091-9e20c9cc2796', '4aa1b534-e9a3-45c5-8d3b-1daf0200daa6', NULL, NULL, 'courier', 'accepted', 89.84, '{"lat": 34.0255476674434, "lng": -118.19651663523376, "address": "847 York Street"}', '{"lat": 34.071179543407986, "lng": -118.28205516296447, "address": "6372 Ward Creek"}');
INSERT INTO payments (order_id, customer_id, amount, status) VALUES ('36c5f030-6e26-4262-a091-9e20c9cc2796', '4aa1b534-e9a3-45c5-8d3b-1daf0200daa6', 89.84, 'pending');
INSERT INTO orders (id, customer_id, merchant_id, driver_id, service_type, status, total_amount, pickup_location, dropoff_location) VALUES ('ec1c2a35-446c-4fb3-af6a-46ac308491f5', '225a9c8a-0ede-4228-adb4-73991a10d37f', 'd74f0a28-e345-4fa4-ab22-4f3a82b5e056', NULL, 'eats', 'pending', 90.41, '{"lat": 41.84383132217822, "lng": -87.63706217507692, "address": "887 Sycamore Drive"}', '{"lat": 41.866946073183485, "lng": -87.67435459867085, "address": "95351 Abraham Forest"}');
INSERT INTO payments (order_id, customer_id, amount, status) VALUES ('ec1c2a35-446c-4fb3-af6a-46ac308491f5', '225a9c8a-0ede-4228-adb4-73991a10d37f', 90.41, 'pending');
INSERT INTO orders (id, customer_id, merchant_id, driver_id, service_type, status, total_amount, pickup_location, dropoff_location) VALUES ('9799d40d-d206-4b71-be07-e647c6ee5fbf', '4b858be9-3bc3-4d7c-935f-acb37ca015f7', NULL, '7a69edbd-4c48-4709-a880-56bb66b6940b', 'courier', 'cancelled', 102.65, '{"lat": 41.90310948851095, "lng": -87.58238230804642, "address": "571 Maymie Light"}', '{"lat": 41.84131150157165, "lng": -87.6494832317615, "address": "13145 Cross Lane"}');
INSERT INTO payments (order_id, customer_id, amount, status) VALUES ('9799d40d-d206-4b71-be07-e647c6ee5fbf', '4b858be9-3bc3-4d7c-935f-acb37ca015f7', 102.65, 'refunded');
INSERT INTO orders (id, customer_id, merchant_id, driver_id, service_type, status, total_amount, pickup_location, dropoff_location) VALUES ('941ee92f-0f16-4734-8e09-96f2c5df6622', 'aae03b6a-ebe2-4cb0-b008-c602f3d58725', NULL, NULL, 'ride', 'cancelled', 81.91, '{"lat": 41.903167576663826, "lng": -87.67500925298458, "address": "30758 Old Lane"}', '{"lat": 41.88074037504291, "lng": -87.60139126722318, "address": "108 Stokes Fork"}');
INSERT INTO payments (order_id, customer_id, amount, status) VALUES ('941ee92f-0f16-4734-8e09-96f2c5df6622', 'aae03b6a-ebe2-4cb0-b008-c602f3d58725', 81.91, 'refunded');
INSERT INTO orders (id, customer_id, merchant_id, driver_id, service_type, status, total_amount, pickup_location, dropoff_location) VALUES ('680dc246-8360-4163-85b4-142e14eb76a0', '8dd1ab4f-418b-4359-8eb3-48c989c8efec', '35b2bc91-aa8c-42bb-8ada-ad22d9511c14', NULL, 'grocery', 'in_transit', 93.8, '{"lat": 34.00748837965461, "lng": -118.27493388488091, "address": "640 Gavin Terrace"}', '{"lat": 34.075457084031235, "lng": -118.24920511679932, "address": "448 Wisoky-Roob Village"}');
INSERT INTO payments (order_id, customer_id, amount, status) VALUES ('680dc246-8360-4163-85b4-142e14eb76a0', '8dd1ab4f-418b-4359-8eb3-48c989c8efec', 93.8, 'pending');
INSERT INTO orders (id, customer_id, merchant_id, driver_id, service_type, status, total_amount, pickup_location, dropoff_location) VALUES ('2034c8f0-348b-4fa9-a5e9-638b2fb6683d', '94ae7d0d-f5bd-4163-8b60-431853e528ec', '35b2bc91-aa8c-42bb-8ada-ad22d9511c14', NULL, 'grocery', 'completed', 117.84, '{"lat": 29.72413842518709, "lng": -95.36028668643944, "address": "4331 Susan Square"}', '{"lat": 29.758146606959613, "lng": -95.40037739230884, "address": "843 Roy Stream"}');
INSERT INTO payments (order_id, customer_id, amount, status) VALUES ('2034c8f0-348b-4fa9-a5e9-638b2fb6683d', '94ae7d0d-f5bd-4163-8b60-431853e528ec', 117.84, 'succeeded');
INSERT INTO orders (id, customer_id, merchant_id, driver_id, service_type, status, total_amount, pickup_location, dropoff_location) VALUES ('2f04b356-3fa4-4d50-b7a2-d46e80ebe6e2', '7bacc645-f6c1-4652-904c-4d9cfa54fb83', NULL, NULL, 'courier', 'in_transit', 65.64, '{"lat": 29.71268925623764, "lng": -95.35354895356494, "address": "41557 Melvin Dale"}', '{"lat": 29.738834974427746, "lng": -95.3399077480818, "address": "23921 Neoma Light"}');
INSERT INTO payments (order_id, customer_id, amount, status) VALUES ('2f04b356-3fa4-4d50-b7a2-d46e80ebe6e2', '7bacc645-f6c1-4652-904c-4d9cfa54fb83', 65.64, 'pending');
INSERT INTO orders (id, customer_id, merchant_id, driver_id, service_type, status, total_amount, pickup_location, dropoff_location) VALUES ('bda930f2-f1ee-4b5c-8ce0-cdbc0f6b5691', 'ccb188be-56ba-4853-b211-d60e343f1bea', '7b13c10b-0c48-4f2a-b6ba-27bb1287db97', '63cd5db1-5d5d-4796-b98d-f425b35ecf17', 'grocery', 'accepted', 96.67, '{"lat": 29.725325051694835, "lng": -95.40951529687206, "address": "459 E Washington Avenue"}', '{"lat": 29.714170221996365, "lng": -95.41762126356622, "address": "3176 Highfield Close"}');
INSERT INTO payments (order_id, customer_id, amount, status) VALUES ('bda930f2-f1ee-4b5c-8ce0-cdbc0f6b5691', 'ccb188be-56ba-4853-b211-d60e343f1bea', 96.67, 'pending');
INSERT INTO orders (id, customer_id, merchant_id, driver_id, service_type, status, total_amount, pickup_location, dropoff_location) VALUES ('bfa0e5bb-42aa-4caa-b879-68f796e6768d', '6743268e-65db-41bf-977b-355f2274d6ad', NULL, NULL, 'courier', 'pending', 111.77, '{"lat": 29.761026694852124, "lng": -95.34081955522356, "address": "5569 Long Lane"}', '{"lat": 29.787050099658906, "lng": -95.35382872755876, "address": "229 Gutkowski Tunnel"}');
INSERT INTO payments (order_id, customer_id, amount, status) VALUES ('bfa0e5bb-42aa-4caa-b879-68f796e6768d', '6743268e-65db-41bf-977b-355f2274d6ad', 111.77, 'pending');
INSERT INTO orders (id, customer_id, merchant_id, driver_id, service_type, status, total_amount, pickup_location, dropoff_location) VALUES ('23901e85-3f5c-48c5-ac9e-d7ee601bb36e', '5d4bb0f2-b6df-43d8-8fa9-3b4df0f57ec3', '5ac9a832-fac3-43f2-830d-963da6e00a00', 'e2138acc-1d1e-4f9b-858d-286d2e496e38', 'grocery', 'pending', 105.02, '{"lat": 41.83200969503214, "lng": -87.65335027726624, "address": "6745 Kuhlman Shores"}', '{"lat": 41.89198136434183, "lng": -87.60672350301171, "address": "167 Gerhold Gateway"}');
INSERT INTO payments (order_id, customer_id, amount, status) VALUES ('23901e85-3f5c-48c5-ac9e-d7ee601bb36e', '5d4bb0f2-b6df-43d8-8fa9-3b4df0f57ec3', 105.02, 'pending');
INSERT INTO orders (id, customer_id, merchant_id, driver_id, service_type, status, total_amount, pickup_location, dropoff_location) VALUES ('b1872e7f-fa18-49e0-8434-3eab0b600b72', '6e9fdaef-3be0-4c1e-8920-d2f1d6dcd7b5', 'ad5e2068-ee6d-4238-b0c8-287a05c0a5a4', NULL, 'eats', 'completed', 139.39, '{"lat": 33.40746858000335, "lng": -112.07481194832258, "address": "82101 Parisian Villages"}', '{"lat": 33.424414411572506, "lng": -112.04437072315831, "address": "388 The Avenue"}');
INSERT INTO payments (order_id, customer_id, amount, status) VALUES ('b1872e7f-fa18-49e0-8434-3eab0b600b72', '6e9fdaef-3be0-4c1e-8920-d2f1d6dcd7b5', 139.39, 'succeeded');
INSERT INTO orders (id, customer_id, merchant_id, driver_id, service_type, status, total_amount, pickup_location, dropoff_location) VALUES ('67693cd6-adfb-4a76-a9f5-682ee9633f74', 'b30cd2c5-99e9-4d6a-93be-6a80ec61583d', '35b2bc91-aa8c-42bb-8ada-ad22d9511c14', 'd1176186-f112-45af-be71-a60d87bde525', 'grocery', 'cancelled', 84.58, '{"lat": 34.021757726832966, "lng": -118.23281449948796, "address": "1387 Durgan-Hodkiewicz Shore"}', '{"lat": 34.03552174358134, "lng": -118.25291425795902, "address": "9777 Welch Street"}');
INSERT INTO payments (order_id, customer_id, amount, status) VALUES ('67693cd6-adfb-4a76-a9f5-682ee9633f74', 'b30cd2c5-99e9-4d6a-93be-6a80ec61583d', 84.58, 'refunded');
INSERT INTO orders (id, customer_id, merchant_id, driver_id, service_type, status, total_amount, pickup_location, dropoff_location) VALUES ('e6e1bcef-ad33-4e2f-a87b-08d6806abc5d', '9a0e328a-4a4e-4e12-9b0d-5b031267eab1', NULL, 'e9fd00b8-c93c-40ca-9a03-7705f4aa949b', 'courier', 'accepted', 66.47, '{"lat": 34.06155360120831, "lng": -118.275016378503, "address": "16735 Terrell Isle"}', '{"lat": 34.04295433620889, "lng": -118.25226754080943, "address": "6281 The Grange"}');
INSERT INTO payments (order_id, customer_id, amount, status) VALUES ('e6e1bcef-ad33-4e2f-a87b-08d6806abc5d', '9a0e328a-4a4e-4e12-9b0d-5b031267eab1', 66.47, 'pending');
INSERT INTO orders (id, customer_id, merchant_id, driver_id, service_type, status, total_amount, pickup_location, dropoff_location) VALUES ('df678311-9bd3-4dea-8f51-41731043c689', '4b858be9-3bc3-4d7c-935f-acb37ca015f7', NULL, NULL, 'courier', 'in_transit', 139.24, '{"lat": 29.77369627380299, "lng": -95.3312044205693, "address": "6630 Kuhlman Curve"}', '{"lat": 29.755158299015076, "lng": -95.3537795596886, "address": "8380 Lucia Extension"}');
INSERT INTO payments (order_id, customer_id, amount, status) VALUES ('df678311-9bd3-4dea-8f51-41731043c689', '4b858be9-3bc3-4d7c-935f-acb37ca015f7', 139.24, 'pending');
INSERT INTO orders (id, customer_id, merchant_id, driver_id, service_type, status, total_amount, pickup_location, dropoff_location) VALUES ('718184c3-4f45-4562-b54b-a95ea6f8a76a', 'fc8ee6aa-5274-45f7-9a5f-a31ff903ce75', '7b13c10b-0c48-4f2a-b6ba-27bb1287db97', 'e2138acc-1d1e-4f9b-858d-286d2e496e38', 'grocery', 'accepted', 18.65, '{"lat": 41.8286109304281, "lng": -87.60268746223706, "address": "21497 Low Road"}', '{"lat": 41.920728742358804, "lng": -87.64048461100612, "address": "61714 Jerde Springs"}');
INSERT INTO payments (order_id, customer_id, amount, status) VALUES ('718184c3-4f45-4562-b54b-a95ea6f8a76a', 'fc8ee6aa-5274-45f7-9a5f-a31ff903ce75', 18.65, 'pending');
INSERT INTO orders (id, customer_id, merchant_id, driver_id, service_type, status, total_amount, pickup_location, dropoff_location) VALUES ('1ef25809-6505-4172-a2c0-8827b4e3f4cc', '9325d84f-d5ff-46a6-b414-462f1a765d40', NULL, NULL, 'ride', 'completed', 143.45, '{"lat": 41.84493436794656, "lng": -87.66776625199321, "address": "310 Clarence Street"}', '{"lat": 41.92466912909798, "lng": -87.60487056087852, "address": "9829 Dietrich Underpass"}');
INSERT INTO payments (order_id, customer_id, amount, status) VALUES ('1ef25809-6505-4172-a2c0-8827b4e3f4cc', '9325d84f-d5ff-46a6-b414-462f1a765d40', 143.45, 'succeeded');
INSERT INTO orders (id, customer_id, merchant_id, driver_id, service_type, status, total_amount, pickup_location, dropoff_location) VALUES ('57c99edd-5bbb-40c5-b177-32efe439d00a', '1e2bf3bc-4e13-4413-8c48-29931ba7efbf', NULL, NULL, 'courier', 'cancelled', 132.15, '{"lat": 33.464368934524856, "lng": -112.10232365136225, "address": "686 The Mount"}', '{"lat": 33.47863268886117, "lng": -112.11846130164908, "address": "417 Cruickshank Mountains"}');
INSERT INTO payments (order_id, customer_id, amount, status) VALUES ('57c99edd-5bbb-40c5-b177-32efe439d00a', '1e2bf3bc-4e13-4413-8c48-29931ba7efbf', 132.15, 'refunded');
INSERT INTO orders (id, customer_id, merchant_id, driver_id, service_type, status, total_amount, pickup_location, dropoff_location) VALUES ('86509452-c646-4141-9d78-ff61e288fdb7', '4f6eaddf-bcb9-4bb0-b8c3-766187a800bb', '143a8e64-2592-48b4-b2df-e3fc8ac09d1b', '30d980d0-c3d2-4808-a2c3-109ae0628365', 'grocery', 'accepted', 120.66, '{"lat": 41.88367844756824, "lng": -87.6374453155512, "address": "23668 Lynette Drive"}', '{"lat": 41.88997898885769, "lng": -87.59967955329586, "address": "693 Chandler Ford"}');
INSERT INTO payments (order_id, customer_id, amount, status) VALUES ('86509452-c646-4141-9d78-ff61e288fdb7', '4f6eaddf-bcb9-4bb0-b8c3-766187a800bb', 120.66, 'pending');
INSERT INTO orders (id, customer_id, merchant_id, driver_id, service_type, status, total_amount, pickup_location, dropoff_location) VALUES ('1a1b7cde-e7e4-4f91-8e71-ddea9c7fc032', 'c85ef2f9-e400-4607-bbab-9f3ef06a9fa9', '4bb1df3b-f0ff-4b91-aa82-e72c555f08cd', '21293b1e-fce6-4238-8a91-bc07712d937d', 'grocery', 'cancelled', 42.63, '{"lat": 40.740445205369475, "lng": -74.00520570440017, "address": "97111 Mafalda Mews"}', '{"lat": 40.718731034884804, "lng": -74.03969843242335, "address": "699 Jeramie Mews"}');
INSERT INTO payments (order_id, customer_id, amount, status) VALUES ('1a1b7cde-e7e4-4f91-8e71-ddea9c7fc032', 'c85ef2f9-e400-4607-bbab-9f3ef06a9fa9', 42.63, 'refunded');
INSERT INTO orders (id, customer_id, merchant_id, driver_id, service_type, status, total_amount, pickup_location, dropoff_location) VALUES ('1ae47ed7-b7c5-4eb7-a8c1-06bd4402cd94', '9f50d78d-451a-43d9-8e0f-68a7862fc90e', NULL, NULL, 'ride', 'completed', 140.73, '{"lat": 40.742359259361805, "lng": -74.05379648771324, "address": "45722 E 6th Street"}', '{"lat": 40.70281873416295, "lng": -73.99336332866031, "address": "27831 Ernest Club"}');
INSERT INTO payments (order_id, customer_id, amount, status) VALUES ('1ae47ed7-b7c5-4eb7-a8c1-06bd4402cd94', '9f50d78d-451a-43d9-8e0f-68a7862fc90e', 140.73, 'succeeded');
INSERT INTO orders (id, customer_id, merchant_id, driver_id, service_type, status, total_amount, pickup_location, dropoff_location) VALUES ('5c2d3593-6830-47b6-8f39-2471aa189f51', 'df36bace-482f-4c2b-ac27-d505c14d2682', '391fd44e-3894-49ad-89e9-afdf83eaf5b6', NULL, 'grocery', 'in_transit', 43.6, '{"lat": 41.885070802776085, "lng": -87.66855691300687, "address": "376 Bernard Square"}', '{"lat": 41.909474545149344, "lng": -87.67101107848927, "address": "479 Morar Valley"}');
INSERT INTO payments (order_id, customer_id, amount, status) VALUES ('5c2d3593-6830-47b6-8f39-2471aa189f51', 'df36bace-482f-4c2b-ac27-d505c14d2682', 43.6, 'pending');
INSERT INTO orders (id, customer_id, merchant_id, driver_id, service_type, status, total_amount, pickup_location, dropoff_location) VALUES ('eb5ceb17-9779-41c7-bb2a-9f6c4ac3ab0a', '1913f794-7280-40a0-8843-94722118ccf2', NULL, NULL, 'courier', 'in_transit', 90.79, '{"lat": 34.06467805580594, "lng": -118.20108524102302, "address": "64157 Russel Hollow"}', '{"lat": 34.018890781685016, "lng": -118.24232204693271, "address": "4051 Goldner Loaf"}');
INSERT INTO payments (order_id, customer_id, amount, status) VALUES ('eb5ceb17-9779-41c7-bb2a-9f6c4ac3ab0a', '1913f794-7280-40a0-8843-94722118ccf2', 90.79, 'pending');
INSERT INTO orders (id, customer_id, merchant_id, driver_id, service_type, status, total_amount, pickup_location, dropoff_location) VALUES ('ca98892a-7fd1-4315-861e-2a57c4d447c8', 'b30cd2c5-99e9-4d6a-93be-6a80ec61583d', '143a8e64-2592-48b4-b2df-e3fc8ac09d1b', NULL, 'grocery', 'accepted', 76.84, '{"lat": 33.496138790060215, "lng": -112.04550331123151, "address": "35082 Erick Pike"}', '{"lat": 33.40300535423402, "lng": -112.02853845143575, "address": "6884 School Lane"}');
INSERT INTO payments (order_id, customer_id, amount, status) VALUES ('ca98892a-7fd1-4315-861e-2a57c4d447c8', 'b30cd2c5-99e9-4d6a-93be-6a80ec61583d', 76.84, 'pending');
INSERT INTO orders (id, customer_id, merchant_id, driver_id, service_type, status, total_amount, pickup_location, dropoff_location) VALUES ('bcac958b-f5b4-4294-bb72-abbeb9e60219', '9a0e328a-4a4e-4e12-9b0d-5b031267eab1', NULL, '30d980d0-c3d2-4808-a2c3-109ae0628365', 'courier', 'completed', 23.94, '{"lat": 41.85591396117597, "lng": -87.58296747300506, "address": "50183 Wunsch Viaduct"}', '{"lat": 41.883992614575554, "lng": -87.64542717328095, "address": "54711 Simonis Pass"}');
INSERT INTO payments (order_id, customer_id, amount, status) VALUES ('bcac958b-f5b4-4294-bb72-abbeb9e60219', '9a0e328a-4a4e-4e12-9b0d-5b031267eab1', 23.94, 'succeeded');
INSERT INTO orders (id, customer_id, merchant_id, driver_id, service_type, status, total_amount, pickup_location, dropoff_location) VALUES ('8814f0f9-a723-4ec7-82a1-00b7bd30ce36', '1e2bf3bc-4e13-4413-8c48-29931ba7efbf', NULL, NULL, 'ride', 'accepted', 102.7, '{"lat": 29.74581411227949, "lng": -95.41479193186515, "address": "76804 Von Pines"}', '{"lat": 29.788975194069156, "lng": -95.38861543929129, "address": "7145 Beahan Loaf"}');
INSERT INTO payments (order_id, customer_id, amount, status) VALUES ('8814f0f9-a723-4ec7-82a1-00b7bd30ce36', '1e2bf3bc-4e13-4413-8c48-29931ba7efbf', 102.7, 'pending');
INSERT INTO orders (id, customer_id, merchant_id, driver_id, service_type, status, total_amount, pickup_location, dropoff_location) VALUES ('717bb043-ab56-4ff3-95a8-105991ab793b', 'a718a721-ade6-4fd6-b651-034b2bb71be5', '1c944ef4-8189-41fb-92e4-a958cf27f6a9', '3aaf124c-7568-45a0-9957-c0389239b776', 'eats', 'cancelled', 19.55, '{"lat": 34.01449728161113, "lng": -118.20913259127823, "address": "64072 Meredith Rest"}', '{"lat": 34.090789807890985, "lng": -118.21021916172985, "address": "52265 Broad Lane"}');
INSERT INTO payments (order_id, customer_id, amount, status) VALUES ('717bb043-ab56-4ff3-95a8-105991ab793b', 'a718a721-ade6-4fd6-b651-034b2bb71be5', 19.55, 'refunded');
INSERT INTO orders (id, customer_id, merchant_id, driver_id, service_type, status, total_amount, pickup_location, dropoff_location) VALUES ('fe58b46f-3f85-4398-b169-a0a371f9e21c', '96f13524-c80f-490a-a629-ba388b5ca08d', 'a307c3cb-a947-4329-9c7b-b7b5c5aa6be1', '30d980d0-c3d2-4808-a2c3-109ae0628365', 'eats', 'accepted', 78.99, '{"lat": 40.674359754302344, "lng": -74.05058495511146, "address": "2452 Kamren Union"}', '{"lat": 40.757444125037274, "lng": -73.96384990824502, "address": "7837 Mercedes Manor"}');
INSERT INTO payments (order_id, customer_id, amount, status) VALUES ('fe58b46f-3f85-4398-b169-a0a371f9e21c', '96f13524-c80f-490a-a629-ba388b5ca08d', 78.99, 'pending');
INSERT INTO orders (id, customer_id, merchant_id, driver_id, service_type, status, total_amount, pickup_location, dropoff_location) VALUES ('2a9c2440-2576-4ae8-a4fb-ed241e4ef5f3', '0784c937-00b2-4f5b-a76a-ae189aa50b07', '7b13c10b-0c48-4f2a-b6ba-27bb1287db97', 'c37eabf9-dfaa-427b-8510-a07edbdb0708', 'eats', 'accepted', 65.43, '{"lat": 40.74319744822826, "lng": -74.02359955812018, "address": "64592 Klein Drives"}', '{"lat": 40.667225388976235, "lng": -74.02374100474573, "address": "252 Hilll-Hintz Inlet"}');
INSERT INTO payments (order_id, customer_id, amount, status) VALUES ('2a9c2440-2576-4ae8-a4fb-ed241e4ef5f3', '0784c937-00b2-4f5b-a76a-ae189aa50b07', 65.43, 'pending');
INSERT INTO orders (id, customer_id, merchant_id, driver_id, service_type, status, total_amount, pickup_location, dropoff_location) VALUES ('f7fff77e-86d1-497a-aeee-39856d3b80e5', '0784c937-00b2-4f5b-a76a-ae189aa50b07', NULL, NULL, 'courier', 'accepted', 30.05, '{"lat": 41.884610809815904, "lng": -87.63594414575509, "address": "18284 Woodlands Road"}', '{"lat": 41.8381689371615, "lng": -87.67142393057885, "address": "6215 Jammie Tunnel"}');
INSERT INTO payments (order_id, customer_id, amount, status) VALUES ('f7fff77e-86d1-497a-aeee-39856d3b80e5', '0784c937-00b2-4f5b-a76a-ae189aa50b07', 30.05, 'pending');
INSERT INTO orders (id, customer_id, merchant_id, driver_id, service_type, status, total_amount, pickup_location, dropoff_location) VALUES ('9d302a09-ea93-4cc7-9bee-bb7fb782c9e7', 'de166d44-b2ab-423b-acf4-82645ccb14f7', 'a307c3cb-a947-4329-9c7b-b7b5c5aa6be1', NULL, 'eats', 'cancelled', 120.53, '{"lat": 33.438728243940936, "lng": -112.03549448669798, "address": "14076 N Maple Street"}', '{"lat": 33.45844773555492, "lng": -112.0317724407546, "address": "3456 W Maple Street"}');
INSERT INTO payments (order_id, customer_id, amount, status) VALUES ('9d302a09-ea93-4cc7-9bee-bb7fb782c9e7', 'de166d44-b2ab-423b-acf4-82645ccb14f7', 120.53, 'refunded');
INSERT INTO orders (id, customer_id, merchant_id, driver_id, service_type, status, total_amount, pickup_location, dropoff_location) VALUES ('a8f401d6-a78b-4356-baf9-e031763fbbeb', '64b5922e-de71-44e6-b548-7564330ff116', NULL, 'd1176186-f112-45af-be71-a60d87bde525', 'ride', 'in_transit', 43.47, '{"lat": 33.45916559095213, "lng": -112.04799169916528, "address": "20207 Russel Park"}', '{"lat": 33.42620654619862, "lng": -112.05996995111738, "address": "438 Moen Fort"}');
INSERT INTO payments (order_id, customer_id, amount, status) VALUES ('a8f401d6-a78b-4356-baf9-e031763fbbeb', '64b5922e-de71-44e6-b548-7564330ff116', 43.47, 'pending');
INSERT INTO orders (id, customer_id, merchant_id, driver_id, service_type, status, total_amount, pickup_location, dropoff_location) VALUES ('fae28807-4aec-4588-a3a3-b6e19c01bdf7', '4f6eaddf-bcb9-4bb0-b8c3-766187a800bb', '7b13c10b-0c48-4f2a-b6ba-27bb1287db97', 'd1176186-f112-45af-be71-a60d87bde525', 'grocery', 'cancelled', 143.53, '{"lat": 41.897553428968614, "lng": -87.62157664817505, "address": "912 Shelley Knolls"}', '{"lat": 41.887007439847956, "lng": -87.62327982262877, "address": "231 Mill Road"}');
INSERT INTO payments (order_id, customer_id, amount, status) VALUES ('fae28807-4aec-4588-a3a3-b6e19c01bdf7', '4f6eaddf-bcb9-4bb0-b8c3-766187a800bb', 143.53, 'refunded');
INSERT INTO orders (id, customer_id, merchant_id, driver_id, service_type, status, total_amount, pickup_location, dropoff_location) VALUES ('7fd02442-2fa2-4e59-b0eb-97fdd017db32', 'c86c6725-d26f-43ee-8178-50313ce04f8a', '2ea1a07a-3519-474d-8216-de01813c3349', NULL, 'eats', 'cancelled', 75.93, '{"lat": 34.05096378330584, "lng": -118.2147405570522, "address": "9647 Victoria Road"}', '{"lat": 34.01366167973113, "lng": -118.21931294377643, "address": "395 Cavendish Road"}');
INSERT INTO payments (order_id, customer_id, amount, status) VALUES ('7fd02442-2fa2-4e59-b0eb-97fdd017db32', 'c86c6725-d26f-43ee-8178-50313ce04f8a', 75.93, 'refunded');
INSERT INTO orders (id, customer_id, merchant_id, driver_id, service_type, status, total_amount, pickup_location, dropoff_location) VALUES ('86c0ff4d-7dbe-46f1-b5c2-f593ce7da03c', 'dd542fde-8105-4efd-b263-3a7518564680', NULL, NULL, 'ride', 'in_transit', 142.8, '{"lat": 41.85794689046564, "lng": -87.67888629452322, "address": "73781 N Chestnut Street"}', '{"lat": 41.88248078233451, "lng": -87.6440121961123, "address": "2744 Lemke Well"}');
INSERT INTO payments (order_id, customer_id, amount, status) VALUES ('86c0ff4d-7dbe-46f1-b5c2-f593ce7da03c', 'dd542fde-8105-4efd-b263-3a7518564680', 142.8, 'pending');
INSERT INTO orders (id, customer_id, merchant_id, driver_id, service_type, status, total_amount, pickup_location, dropoff_location) VALUES ('b33e940f-2fd1-4b70-925e-142efe399242', '33dc5830-eb80-4662-8229-13f3c96927f6', NULL, NULL, 'ride', 'accepted', 90.41, '{"lat": 41.85341545811743, "lng": -87.61838202798324, "address": "550 Lina Mills"}', '{"lat": 41.89978166522536, "lng": -87.6681588090629, "address": "411 Kieran Freeway"}');
INSERT INTO payments (order_id, customer_id, amount, status) VALUES ('b33e940f-2fd1-4b70-925e-142efe399242', '33dc5830-eb80-4662-8229-13f3c96927f6', 90.41, 'pending');
INSERT INTO orders (id, customer_id, merchant_id, driver_id, service_type, status, total_amount, pickup_location, dropoff_location) VALUES ('6a419cdf-0e7c-420a-8d2d-351fb04b9367', 'b30cd2c5-99e9-4d6a-93be-6a80ec61583d', '327efd06-f96c-4d2b-b6c4-a5cf9fa6af42', NULL, 'eats', 'accepted', 37.29, '{"lat": 40.67489359560241, "lng": -73.993977188835, "address": "3065 Schaefer-Nolan Mall"}', '{"lat": 40.70662314532239, "lng": -73.96841002467924, "address": "421 Kris-Kuvalis Wall"}');
INSERT INTO payments (order_id, customer_id, amount, status) VALUES ('6a419cdf-0e7c-420a-8d2d-351fb04b9367', 'b30cd2c5-99e9-4d6a-93be-6a80ec61583d', 37.29, 'pending');
INSERT INTO orders (id, customer_id, merchant_id, driver_id, service_type, status, total_amount, pickup_location, dropoff_location) VALUES ('5ae3c47b-85cd-40d7-9eca-3b3e88d18910', '7bacc645-f6c1-4652-904c-4d9cfa54fb83', NULL, 'a08f37c4-6b7f-4d40-a8de-1e7fc28edfdf', 'courier', 'cancelled', 34.68, '{"lat": 33.41631811857955, "lng": -112.0548062873655, "address": "9570 Thiel Light"}', '{"lat": 33.41405816659088, "lng": -112.04997651359614, "address": "84630 Oak Lane"}');
INSERT INTO payments (order_id, customer_id, amount, status) VALUES ('5ae3c47b-85cd-40d7-9eca-3b3e88d18910', '7bacc645-f6c1-4652-904c-4d9cfa54fb83', 34.68, 'refunded');
INSERT INTO orders (id, customer_id, merchant_id, driver_id, service_type, status, total_amount, pickup_location, dropoff_location) VALUES ('608d62c0-59c1-4315-9882-da71f82e55dd', 'a1b6e4f8-5a33-43f7-ac79-9fa30376cc1f', NULL, 'fd606c0d-45e5-4775-9167-3d73197bf3b6', 'ride', 'completed', 93.89, '{"lat": 29.720835430816216, "lng": -95.41243379961513, "address": "979 Pacocha Valley"}', '{"lat": 29.76343986017741, "lng": -95.32785205395838, "address": "251 York Road"}');
INSERT INTO payments (order_id, customer_id, amount, status) VALUES ('608d62c0-59c1-4315-9882-da71f82e55dd', 'a1b6e4f8-5a33-43f7-ac79-9fa30376cc1f', 93.89, 'succeeded');
INSERT INTO orders (id, customer_id, merchant_id, driver_id, service_type, status, total_amount, pickup_location, dropoff_location) VALUES ('cc99b5e5-e39d-4e51-a331-8a2841ed89c1', '6005d702-bbc5-45c6-9b95-11e7f5355a0c', NULL, NULL, 'courier', 'in_transit', 53.69, '{"lat": 41.858899750538, "lng": -87.59113122910938, "address": "1761 Streich Pine"}', '{"lat": 41.909504080810166, "lng": -87.66323788628392, "address": "73963 Jeanne Ridges"}');
INSERT INTO payments (order_id, customer_id, amount, status) VALUES ('cc99b5e5-e39d-4e51-a331-8a2841ed89c1', '6005d702-bbc5-45c6-9b95-11e7f5355a0c', 53.69, 'pending');
INSERT INTO orders (id, customer_id, merchant_id, driver_id, service_type, status, total_amount, pickup_location, dropoff_location) VALUES ('99d90ae3-c1c0-4cd7-abf6-1622d5f744aa', 'de166d44-b2ab-423b-acf4-82645ccb14f7', NULL, '6bdbdb2c-31e9-42a5-82c1-fcb3c084dc77', 'ride', 'completed', 54.72, '{"lat": 29.720125242272236, "lng": -95.41657984011, "address": "52313 S 6th Street"}', '{"lat": 29.77131938767001, "lng": -95.40682889594535, "address": "820 Chapel Street"}');
INSERT INTO payments (order_id, customer_id, amount, status) VALUES ('99d90ae3-c1c0-4cd7-abf6-1622d5f744aa', 'de166d44-b2ab-423b-acf4-82645ccb14f7', 54.72, 'succeeded');
INSERT INTO orders (id, customer_id, merchant_id, driver_id, service_type, status, total_amount, pickup_location, dropoff_location) VALUES ('c6827aa1-f742-4c01-b8f9-720adffec432', 'a718a721-ade6-4fd6-b651-034b2bb71be5', '3a472712-a8df-425c-a172-8afb811409a6', NULL, 'grocery', 'pending', 52.13, '{"lat": 33.478454159869116, "lng": -112.06332201697812, "address": "868 Morissette Crest"}', '{"lat": 33.408102076738835, "lng": -112.08037545957346, "address": "11465 Trantow Route"}');
INSERT INTO payments (order_id, customer_id, amount, status) VALUES ('c6827aa1-f742-4c01-b8f9-720adffec432', 'a718a721-ade6-4fd6-b651-034b2bb71be5', 52.13, 'pending');
INSERT INTO orders (id, customer_id, merchant_id, driver_id, service_type, status, total_amount, pickup_location, dropoff_location) VALUES ('aadc6654-9093-4216-ac3a-6f3624132791', '9f50d78d-451a-43d9-8e0f-68a7862fc90e', '327efd06-f96c-4d2b-b6c4-a5cf9fa6af42', 'd732da4b-44bb-4dd8-9494-c15072f5cd1a', 'grocery', 'cancelled', 28.64, '{"lat": 40.67948534996623, "lng": -74.03435451135564, "address": "40047 King Grove"}', '{"lat": 40.755979140620305, "lng": -74.03837389310758, "address": "23645 Howe Heights"}');
INSERT INTO payments (order_id, customer_id, amount, status) VALUES ('aadc6654-9093-4216-ac3a-6f3624132791', '9f50d78d-451a-43d9-8e0f-68a7862fc90e', 28.64, 'refunded');
INSERT INTO orders (id, customer_id, merchant_id, driver_id, service_type, status, total_amount, pickup_location, dropoff_location) VALUES ('7343ec9d-41b3-471d-82d7-c6e7230bad78', '4aa1b534-e9a3-45c5-8d3b-1daf0200daa6', NULL, NULL, 'ride', 'accepted', 90.98, '{"lat": 29.74536685182734, "lng": -95.34590706598377, "address": "38202 Haley Islands"}', '{"lat": 29.720829769182867, "lng": -95.40605216495405, "address": "1911 Greenholt Falls"}');
INSERT INTO payments (order_id, customer_id, amount, status) VALUES ('7343ec9d-41b3-471d-82d7-c6e7230bad78', '4aa1b534-e9a3-45c5-8d3b-1daf0200daa6', 90.98, 'pending');
INSERT INTO orders (id, customer_id, merchant_id, driver_id, service_type, status, total_amount, pickup_location, dropoff_location) VALUES ('5af80a2a-82ad-411e-8f7c-d787628b801d', '89941649-3352-46dd-9159-3eb31136c20e', NULL, 'fd606c0d-45e5-4775-9167-3d73197bf3b6', 'courier', 'accepted', 100.25, '{"lat": 29.758875184753467, "lng": -95.39223573400758, "address": "2714 Maple Avenue"}', '{"lat": 29.712955336813966, "lng": -95.3286932267062, "address": "618 Stone Trace"}');
INSERT INTO payments (order_id, customer_id, amount, status) VALUES ('5af80a2a-82ad-411e-8f7c-d787628b801d', '89941649-3352-46dd-9159-3eb31136c20e', 100.25, 'pending');
INSERT INTO orders (id, customer_id, merchant_id, driver_id, service_type, status, total_amount, pickup_location, dropoff_location) VALUES ('e3ada467-025a-4bbd-93a0-49e353ac36d1', '9a0e328a-4a4e-4e12-9b0d-5b031267eab1', NULL, 'fd606c0d-45e5-4775-9167-3d73197bf3b6', 'courier', 'completed', 69.65, '{"lat": 29.781502605925745, "lng": -95.4021600418138, "address": "54552 Braun Field"}', '{"lat": 29.779507435280784, "lng": -95.40100035798027, "address": "70574 Long Lane"}');
INSERT INTO payments (order_id, customer_id, amount, status) VALUES ('e3ada467-025a-4bbd-93a0-49e353ac36d1', '9a0e328a-4a4e-4e12-9b0d-5b031267eab1', 69.65, 'succeeded');
INSERT INTO orders (id, customer_id, merchant_id, driver_id, service_type, status, total_amount, pickup_location, dropoff_location) VALUES ('583f58a6-3ac3-49b5-8723-5cb5b53af1fe', 'a32f571e-a860-43d9-b335-988dddb64f09', 'a307c3cb-a947-4329-9c7b-b7b5c5aa6be1', NULL, 'eats', 'pending', 109.23, '{"lat": 40.75597665608354, "lng": -74.03892254084411, "address": "496 Manor Close"}', '{"lat": 40.75348619573411, "lng": -73.97827112307888, "address": "95313 Marian Shoals"}');
INSERT INTO payments (order_id, customer_id, amount, status) VALUES ('583f58a6-3ac3-49b5-8723-5cb5b53af1fe', 'a32f571e-a860-43d9-b335-988dddb64f09', 109.23, 'pending');
INSERT INTO orders (id, customer_id, merchant_id, driver_id, service_type, status, total_amount, pickup_location, dropoff_location) VALUES ('8c86de9e-df9e-425e-8e76-23f584e1733c', 'fc8ee6aa-5274-45f7-9a5f-a31ff903ce75', NULL, '07338684-9939-47fb-92e7-dd03ec23943f', 'ride', 'accepted', 125.02, '{"lat": 40.69021882771851, "lng": -74.04539460990925, "address": "17707 Center Avenue"}', '{"lat": 40.6687389484573, "lng": -73.9989768475809, "address": "238 Lime Grove"}');
INSERT INTO payments (order_id, customer_id, amount, status) VALUES ('8c86de9e-df9e-425e-8e76-23f584e1733c', 'fc8ee6aa-5274-45f7-9a5f-a31ff903ce75', 125.02, 'pending');
INSERT INTO orders (id, customer_id, merchant_id, driver_id, service_type, status, total_amount, pickup_location, dropoff_location) VALUES ('2d342cac-6d43-4a00-b6bf-4267ed6e0958', 'b438b6fa-765b-4706-8b22-88adb9b5534a', '3a472712-a8df-425c-a172-8afb811409a6', NULL, 'eats', 'pending', 121.05, '{"lat": 34.0871434655441, "lng": -118.26222643417134, "address": "3406 Herman Forge"}', '{"lat": 34.0296941479433, "lng": -118.26594479824044, "address": "9695 Chyna Ville"}');
INSERT INTO payments (order_id, customer_id, amount, status) VALUES ('2d342cac-6d43-4a00-b6bf-4267ed6e0958', 'b438b6fa-765b-4706-8b22-88adb9b5534a', 121.05, 'pending');
INSERT INTO orders (id, customer_id, merchant_id, driver_id, service_type, status, total_amount, pickup_location, dropoff_location) VALUES ('044cab2e-656d-4865-8e4f-7815496013cf', '4aa6e7eb-fc3b-4343-976e-9595d131d4f2', '0970a998-ecbf-43c0-8d54-84d3300f5b5f', '8f577b3c-2ff6-4e68-9bce-7998b4186895', 'eats', 'in_transit', 18.56, '{"lat": 40.704223724341425, "lng": -74.05021830647561, "address": "3633 Purdy Harbor"}', '{"lat": 40.68435542198746, "lng": -74.00328623987865, "address": "82343 Marlon Skyway"}');
INSERT INTO payments (order_id, customer_id, amount, status) VALUES ('044cab2e-656d-4865-8e4f-7815496013cf', '4aa6e7eb-fc3b-4343-976e-9595d131d4f2', 18.56, 'pending');
INSERT INTO orders (id, customer_id, merchant_id, driver_id, service_type, status, total_amount, pickup_location, dropoff_location) VALUES ('d7157e4c-8b91-4094-bf22-d31b14885c02', 'ccb188be-56ba-4853-b211-d60e343f1bea', NULL, '3aaf124c-7568-45a0-9957-c0389239b776', 'ride', 'cancelled', 146.05, '{"lat": 33.43538087777724, "lng": -112.08966644543152, "address": "673 Tonya Mews"}', '{"lat": 33.466782254816835, "lng": -112.10220084172015, "address": "9141 Beahan Fords"}');
INSERT INTO payments (order_id, customer_id, amount, status) VALUES ('d7157e4c-8b91-4094-bf22-d31b14885c02', 'ccb188be-56ba-4853-b211-d60e343f1bea', 146.05, 'refunded');
INSERT INTO orders (id, customer_id, merchant_id, driver_id, service_type, status, total_amount, pickup_location, dropoff_location) VALUES ('7e4c8b06-dba5-4904-9084-afbfcfa450b8', '0b38c6bd-f856-4d3e-80f1-e88ffcaa2761', 'd74f0a28-e345-4fa4-ab22-4f3a82b5e056', 'd732da4b-44bb-4dd8-9494-c15072f5cd1a', 'eats', 'pending', 41.79, '{"lat": 41.84752908920876, "lng": -87.62706832330201, "address": "88934 Erika Run"}', '{"lat": 41.89665102049585, "lng": -87.60926380573945, "address": "61492 7th Avenue"}');
INSERT INTO payments (order_id, customer_id, amount, status) VALUES ('7e4c8b06-dba5-4904-9084-afbfcfa450b8', '0b38c6bd-f856-4d3e-80f1-e88ffcaa2761', 41.79, 'pending');
INSERT INTO orders (id, customer_id, merchant_id, driver_id, service_type, status, total_amount, pickup_location, dropoff_location) VALUES ('a0b6ae6a-c102-4198-8f10-11a0274375d1', '9f50d78d-451a-43d9-8e0f-68a7862fc90e', '47e5faa1-637c-4bb4-8b77-92e959ad8a46', 'd1176186-f112-45af-be71-a60d87bde525', 'grocery', 'in_transit', 15.39, '{"lat": 33.456211474141945, "lng": -112.1134810472082, "address": "17145 Maggie Center"}', '{"lat": 33.433262148055256, "lng": -112.08304193925635, "address": "15463 Jerry Keys"}');
INSERT INTO payments (order_id, customer_id, amount, status) VALUES ('a0b6ae6a-c102-4198-8f10-11a0274375d1', '9f50d78d-451a-43d9-8e0f-68a7862fc90e', 15.39, 'pending');
INSERT INTO orders (id, customer_id, merchant_id, driver_id, service_type, status, total_amount, pickup_location, dropoff_location) VALUES ('5e26c03a-eb72-47dc-9aa1-95a8eee5b3d9', 'de166d44-b2ab-423b-acf4-82645ccb14f7', '7b13c10b-0c48-4f2a-b6ba-27bb1287db97', NULL, 'eats', 'cancelled', 56.61, '{"lat": 41.86901667991186, "lng": -87.66800374850277, "address": "41956 Shakira Locks"}', '{"lat": 41.847610129770054, "lng": -87.58263084959552, "address": "990 Metz Pass"}');
INSERT INTO payments (order_id, customer_id, amount, status) VALUES ('5e26c03a-eb72-47dc-9aa1-95a8eee5b3d9', 'de166d44-b2ab-423b-acf4-82645ccb14f7', 56.61, 'refunded');
INSERT INTO orders (id, customer_id, merchant_id, driver_id, service_type, status, total_amount, pickup_location, dropoff_location) VALUES ('b202f58d-a17b-4712-8065-6c07e8266414', 'c86c6725-d26f-43ee-8178-50313ce04f8a', NULL, 'e9fd00b8-c93c-40ca-9a03-7705f4aa949b', 'ride', 'cancelled', 141.67, '{"lat": 34.02641830516295, "lng": -118.19541847454377, "address": "2671 Duke Street"}', '{"lat": 34.07408659505778, "lng": -118.27391636921249, "address": "937 Wisozk Gateway"}');
INSERT INTO payments (order_id, customer_id, amount, status) VALUES ('b202f58d-a17b-4712-8065-6c07e8266414', 'c86c6725-d26f-43ee-8178-50313ce04f8a', 141.67, 'refunded');
INSERT INTO orders (id, customer_id, merchant_id, driver_id, service_type, status, total_amount, pickup_location, dropoff_location) VALUES ('dd648a89-62bc-49a8-968a-a30b7e429546', '293b54f0-a0c3-41ab-9a04-74c29fe30fee', '7b13c10b-0c48-4f2a-b6ba-27bb1287db97', '63cd5db1-5d5d-4796-b98d-f425b35ecf17', 'eats', 'cancelled', 90.92, '{"lat": 40.76248090775914, "lng": -74.01217198872897, "address": "671 Herzog Heights"}', '{"lat": 40.75875744750972, "lng": -73.98087747553794, "address": "269 Spring Gardens"}');
INSERT INTO payments (order_id, customer_id, amount, status) VALUES ('dd648a89-62bc-49a8-968a-a30b7e429546', '293b54f0-a0c3-41ab-9a04-74c29fe30fee', 90.92, 'refunded');
INSERT INTO orders (id, customer_id, merchant_id, driver_id, service_type, status, total_amount, pickup_location, dropoff_location) VALUES ('efdac780-9ef5-433e-b75b-fe9befe8ffc8', '89941649-3352-46dd-9159-3eb31136c20e', NULL, 'fd606c0d-45e5-4775-9167-3d73197bf3b6', 'ride', 'pending', 77.89, '{"lat": 41.85222469859667, "lng": -87.63130034310281, "address": "69532 Brook Street"}', '{"lat": 41.832097211958526, "lng": -87.58184453143502, "address": "852 Lincoln Street"}');
INSERT INTO payments (order_id, customer_id, amount, status) VALUES ('efdac780-9ef5-433e-b75b-fe9befe8ffc8', '89941649-3352-46dd-9159-3eb31136c20e', 77.89, 'pending');
INSERT INTO orders (id, customer_id, merchant_id, driver_id, service_type, status, total_amount, pickup_location, dropoff_location) VALUES ('2b1bf605-5516-442e-a9a5-dd99c5846ba4', '33dc5830-eb80-4662-8229-13f3c96927f6', '5ac9a832-fac3-43f2-830d-963da6e00a00', 'b1d91795-b9dd-40ab-a2ed-2eacc21a542d', 'eats', 'in_transit', 47.29, '{"lat": 41.89211252937441, "lng": -87.63619039794256, "address": "143 Donnelly Bridge"}', '{"lat": 41.8494091577762, "lng": -87.64337392984514, "address": "38190 Riley Rest"}');
INSERT INTO payments (order_id, customer_id, amount, status) VALUES ('2b1bf605-5516-442e-a9a5-dd99c5846ba4', '33dc5830-eb80-4662-8229-13f3c96927f6', 47.29, 'pending');
INSERT INTO orders (id, customer_id, merchant_id, driver_id, service_type, status, total_amount, pickup_location, dropoff_location) VALUES ('6f53be01-ded2-48d5-8ba5-da49717330cf', '64b5922e-de71-44e6-b548-7564330ff116', NULL, '8f577b3c-2ff6-4e68-9bce-7998b4186895', 'ride', 'in_transit', 99.36, '{"lat": 34.0739294681151, "lng": -118.235096517918, "address": "8134 Murphy Gateway"}', '{"lat": 34.03933075441191, "lng": -118.23489647261856, "address": "81351 Old State Road"}');
INSERT INTO payments (order_id, customer_id, amount, status) VALUES ('6f53be01-ded2-48d5-8ba5-da49717330cf', '64b5922e-de71-44e6-b548-7564330ff116', 99.36, 'pending');
INSERT INTO orders (id, customer_id, merchant_id, driver_id, service_type, status, total_amount, pickup_location, dropoff_location) VALUES ('37085f61-664b-40ed-b7b6-3030358c1d65', 'b30cd2c5-99e9-4d6a-93be-6a80ec61583d', NULL, NULL, 'courier', 'pending', 124.37, '{"lat": 34.00617403724379, "lng": -118.27086929881636, "address": "814 Heller Fields"}', '{"lat": 34.0353834150667, "lng": -118.22296381171304, "address": "6212 Nelson Junction"}');
INSERT INTO payments (order_id, customer_id, amount, status) VALUES ('37085f61-664b-40ed-b7b6-3030358c1d65', 'b30cd2c5-99e9-4d6a-93be-6a80ec61583d', 124.37, 'pending');
INSERT INTO orders (id, customer_id, merchant_id, driver_id, service_type, status, total_amount, pickup_location, dropoff_location) VALUES ('175d548e-0027-4521-b367-4f6a9e36b77d', '4aa6e7eb-fc3b-4343-976e-9595d131d4f2', 'a307c3cb-a947-4329-9c7b-b7b5c5aa6be1', NULL, 'grocery', 'cancelled', 74.54, '{"lat": 33.40866814901272, "lng": -112.04120683938169, "address": "142 Dark Lane"}', '{"lat": 33.45595954885712, "lng": -112.07892680884372, "address": "423 N State Street"}');
INSERT INTO payments (order_id, customer_id, amount, status) VALUES ('175d548e-0027-4521-b367-4f6a9e36b77d', '4aa6e7eb-fc3b-4343-976e-9595d131d4f2', 74.54, 'refunded');
INSERT INTO orders (id, customer_id, merchant_id, driver_id, service_type, status, total_amount, pickup_location, dropoff_location) VALUES ('c1bca01d-9d94-4917-a317-6c0c0d7b55c1', '4a534f17-082a-44b5-b041-74a705791a52', NULL, 'd732da4b-44bb-4dd8-9494-c15072f5cd1a', 'ride', 'cancelled', 51.83, '{"lat": 29.7364697083991, "lng": -95.35623293792992, "address": "193 Patricia Keys"}', '{"lat": 29.77176156851563, "lng": -95.41122416757723, "address": "95629 Amiya Parkways"}');
INSERT INTO payments (order_id, customer_id, amount, status) VALUES ('c1bca01d-9d94-4917-a317-6c0c0d7b55c1', '4a534f17-082a-44b5-b041-74a705791a52', 51.83, 'refunded');
INSERT INTO orders (id, customer_id, merchant_id, driver_id, service_type, status, total_amount, pickup_location, dropoff_location) VALUES ('68dd3144-f4d2-4dbe-b9df-bf00f8295412', '9a0e328a-4a4e-4e12-9b0d-5b031267eab1', 'a307c3cb-a947-4329-9c7b-b7b5c5aa6be1', NULL, 'grocery', 'pending', 21.43, '{"lat": 34.04753983211317, "lng": -118.28367768868168, "address": "504 Eileen Club"}', '{"lat": 34.060748375334974, "lng": -118.2540065239652, "address": "796 Darlene Spring"}');
INSERT INTO payments (order_id, customer_id, amount, status) VALUES ('68dd3144-f4d2-4dbe-b9df-bf00f8295412', '9a0e328a-4a4e-4e12-9b0d-5b031267eab1', 21.43, 'pending');
INSERT INTO orders (id, customer_id, merchant_id, driver_id, service_type, status, total_amount, pickup_location, dropoff_location) VALUES ('079b942e-5ed3-49db-b8a9-8562cdd24c03', '34049c1f-70f4-4475-a228-1b5f1045ddbd', 'd74f0a28-e345-4fa4-ab22-4f3a82b5e056', NULL, 'grocery', 'pending', 33.62, '{"lat": 29.746006135469234, "lng": -95.3358802602288, "address": "241 James Street"}', '{"lat": 29.75155247101349, "lng": -95.37512307201096, "address": "216 Maggio Pass"}');
INSERT INTO payments (order_id, customer_id, amount, status) VALUES ('079b942e-5ed3-49db-b8a9-8562cdd24c03', '34049c1f-70f4-4475-a228-1b5f1045ddbd', 33.62, 'pending');
INSERT INTO orders (id, customer_id, merchant_id, driver_id, service_type, status, total_amount, pickup_location, dropoff_location) VALUES ('821dba61-2bc9-4efa-a106-be3eb803d203', '1c9af558-a4b1-430b-afc2-4a4648d38a04', NULL, 'c37eabf9-dfaa-427b-8510-a07edbdb0708', 'ride', 'accepted', 36.49, '{"lat": 40.740675905543355, "lng": -74.01497573564744, "address": "1091 Alexandria Junctions"}', '{"lat": 40.671882637996255, "lng": -73.98258765475623, "address": "795 Schultz Neck"}');
INSERT INTO payments (order_id, customer_id, amount, status) VALUES ('821dba61-2bc9-4efa-a106-be3eb803d203', '1c9af558-a4b1-430b-afc2-4a4648d38a04', 36.49, 'pending');
INSERT INTO orders (id, customer_id, merchant_id, driver_id, service_type, status, total_amount, pickup_location, dropoff_location) VALUES ('11c1eedc-1cb1-418c-b81f-67c178d92e88', '0fddee3e-0e7d-44cc-b1ed-9b5727c82db0', NULL, NULL, 'ride', 'in_transit', 113.68, '{"lat": 33.43264392359541, "lng": -112.06174232004659, "address": "955 Nelson Road"}', '{"lat": 33.467050348558594, "lng": -112.08197210378157, "address": "77367 Terry Alley"}');
INSERT INTO payments (order_id, customer_id, amount, status) VALUES ('11c1eedc-1cb1-418c-b81f-67c178d92e88', '0fddee3e-0e7d-44cc-b1ed-9b5727c82db0', 113.68, 'pending');
INSERT INTO orders (id, customer_id, merchant_id, driver_id, service_type, status, total_amount, pickup_location, dropoff_location) VALUES ('df310ebc-d8ad-448a-8f6f-afec70283dca', 'c86c6725-d26f-43ee-8178-50313ce04f8a', '344c1084-ebff-4874-bbec-62aba18c6443', 'e9fd00b8-c93c-40ca-9a03-7705f4aa949b', 'grocery', 'completed', 135.47, '{"lat": 41.878327427106996, "lng": -87.67003249645722, "address": "87067 Sycamore Avenue"}', '{"lat": 41.86948604421257, "lng": -87.6762639906562, "address": "58628 Elmer Street"}');
INSERT INTO payments (order_id, customer_id, amount, status) VALUES ('df310ebc-d8ad-448a-8f6f-afec70283dca', 'c86c6725-d26f-43ee-8178-50313ce04f8a', 135.47, 'succeeded');
INSERT INTO orders (id, customer_id, merchant_id, driver_id, service_type, status, total_amount, pickup_location, dropoff_location) VALUES ('5fb26b4a-991d-4082-a13c-75568339d64d', '4a534f17-082a-44b5-b041-74a705791a52', '391fd44e-3894-49ad-89e9-afdf83eaf5b6', '3bac94fa-7c4c-451c-a3a4-a2938d7c2a2c', 'eats', 'accepted', 137.09, '{"lat": 34.08343626137148, "lng": -118.19924149109504, "address": "6169 Jason Meadows"}', '{"lat": 34.02562105283897, "lng": -118.19524653463915, "address": "86551 Alfonso Circles"}');
INSERT INTO payments (order_id, customer_id, amount, status) VALUES ('5fb26b4a-991d-4082-a13c-75568339d64d', '4a534f17-082a-44b5-b041-74a705791a52', 137.09, 'pending');
INSERT INTO orders (id, customer_id, merchant_id, driver_id, service_type, status, total_amount, pickup_location, dropoff_location) VALUES ('8e2100d7-7905-4d47-8616-3a35f6b2a958', '6743268e-65db-41bf-977b-355f2274d6ad', NULL, 'e2138acc-1d1e-4f9b-858d-286d2e496e38', 'courier', 'in_transit', 60.18, '{"lat": 40.71021724135575, "lng": -73.97438146498351, "address": "338 S Walnut Street"}', '{"lat": 40.73937071602236, "lng": -74.00645350431846, "address": "274 Tod Locks"}');
INSERT INTO payments (order_id, customer_id, amount, status) VALUES ('8e2100d7-7905-4d47-8616-3a35f6b2a958', '6743268e-65db-41bf-977b-355f2274d6ad', 60.18, 'pending');
INSERT INTO orders (id, customer_id, merchant_id, driver_id, service_type, status, total_amount, pickup_location, dropoff_location) VALUES ('0b6eb840-c952-460f-98de-44672293225b', 'b30cd2c5-99e9-4d6a-93be-6a80ec61583d', '7b13c10b-0c48-4f2a-b6ba-27bb1287db97', '3bac94fa-7c4c-451c-a3a4-a2938d7c2a2c', 'eats', 'cancelled', 47.86, '{"lat": 41.9157429629921, "lng": -87.64560746678148, "address": "193 Pennsylvania Avenue"}', '{"lat": 41.90367433942782, "lng": -87.65516861943506, "address": "324 Willow Grove"}');
INSERT INTO payments (order_id, customer_id, amount, status) VALUES ('0b6eb840-c952-460f-98de-44672293225b', 'b30cd2c5-99e9-4d6a-93be-6a80ec61583d', 47.86, 'refunded');
INSERT INTO orders (id, customer_id, merchant_id, driver_id, service_type, status, total_amount, pickup_location, dropoff_location) VALUES ('5fd32576-4788-4fa0-b112-d096c65b09f0', '34049c1f-70f4-4475-a228-1b5f1045ddbd', NULL, 'e39b2700-4ae6-404f-91cb-9eafdcf951b8', 'courier', 'in_transit', 36.35, '{"lat": 29.713733264853502, "lng": -95.38152509978963, "address": "31829 Trinity Road"}', '{"lat": 29.731855653267584, "lng": -95.37899045653039, "address": "33485 Adrienne Shore"}');
INSERT INTO payments (order_id, customer_id, amount, status) VALUES ('5fd32576-4788-4fa0-b112-d096c65b09f0', '34049c1f-70f4-4475-a228-1b5f1045ddbd', 36.35, 'pending');
INSERT INTO orders (id, customer_id, merchant_id, driver_id, service_type, status, total_amount, pickup_location, dropoff_location) VALUES ('9c89b365-33e0-43df-aded-cb334553c654', 'a1b6e4f8-5a33-43f7-ac79-9fa30376cc1f', '088e8e36-8552-42db-97c2-391a5ea78300', '69b8a160-a267-4acb-a98d-d04e9211c332', 'grocery', 'cancelled', 68.61, '{"lat": 41.83604140309294, "lng": -87.62662496206096, "address": "99179 Kunze Fords"}', '{"lat": 41.89049805977756, "lng": -87.63367342089724, "address": "3783 Bruen Run"}');
INSERT INTO payments (order_id, customer_id, amount, status) VALUES ('9c89b365-33e0-43df-aded-cb334553c654', 'a1b6e4f8-5a33-43f7-ac79-9fa30376cc1f', 68.61, 'refunded');
INSERT INTO orders (id, customer_id, merchant_id, driver_id, service_type, status, total_amount, pickup_location, dropoff_location) VALUES ('d7b21f2d-51b7-4322-ae53-8f291b10bb5c', '6e9fdaef-3be0-4c1e-8920-d2f1d6dcd7b5', '5ac9a832-fac3-43f2-830d-963da6e00a00', NULL, 'grocery', 'pending', 109.55, '{"lat": 29.787335065928907, "lng": -95.34929085979199, "address": "1676 Kassulke Field"}', '{"lat": 29.79362258325237, "lng": -95.39270888404015, "address": "9606 Wisoky Groves"}');
INSERT INTO payments (order_id, customer_id, amount, status) VALUES ('d7b21f2d-51b7-4322-ae53-8f291b10bb5c', '6e9fdaef-3be0-4c1e-8920-d2f1d6dcd7b5', 109.55, 'pending');
INSERT INTO orders (id, customer_id, merchant_id, driver_id, service_type, status, total_amount, pickup_location, dropoff_location) VALUES ('2d977a3d-ff92-4cad-8024-c5448b8fddd3', 'c86c6725-d26f-43ee-8178-50313ce04f8a', NULL, NULL, 'ride', 'cancelled', 133.85, '{"lat": 33.426759414320756, "lng": -112.10694858394835, "address": "4815 Jim Meadow"}', '{"lat": 33.419270981631, "lng": -112.07205538379549, "address": "7553 Considine Ville"}');
INSERT INTO payments (order_id, customer_id, amount, status) VALUES ('2d977a3d-ff92-4cad-8024-c5448b8fddd3', 'c86c6725-d26f-43ee-8178-50313ce04f8a', 133.85, 'refunded');
INSERT INTO orders (id, customer_id, merchant_id, driver_id, service_type, status, total_amount, pickup_location, dropoff_location) VALUES ('8fbaf8ec-0e80-4203-89d5-777fe5894160', 'a32f571e-a860-43d9-b335-988dddb64f09', NULL, 'a08f37c4-6b7f-4d40-a8de-1e7fc28edfdf', 'ride', 'pending', 57.46, '{"lat": 34.09492322232383, "lng": -118.27861578091513, "address": "90988 Duke Street"}', '{"lat": 34.011132217163166, "lng": -118.2183907872711, "address": "89671 S Bridge Street"}');
INSERT INTO payments (order_id, customer_id, amount, status) VALUES ('8fbaf8ec-0e80-4203-89d5-777fe5894160', 'a32f571e-a860-43d9-b335-988dddb64f09', 57.46, 'pending');
INSERT INTO orders (id, customer_id, merchant_id, driver_id, service_type, status, total_amount, pickup_location, dropoff_location) VALUES ('6c1acf07-9aaa-40ab-b20c-6fcd871149ad', 'aae03b6a-ebe2-4cb0-b008-c602f3d58725', NULL, NULL, 'ride', 'pending', 36.13, '{"lat": 40.70491412063791, "lng": -74.03549288347378, "address": "4795 Velva Point"}', '{"lat": 40.68662081312999, "lng": -73.97324253136256, "address": "285 E High Street"}');
INSERT INTO payments (order_id, customer_id, amount, status) VALUES ('6c1acf07-9aaa-40ab-b20c-6fcd871149ad', 'aae03b6a-ebe2-4cb0-b008-c602f3d58725', 36.13, 'pending');
INSERT INTO orders (id, customer_id, merchant_id, driver_id, service_type, status, total_amount, pickup_location, dropoff_location) VALUES ('c3fd77fa-6ecc-4fa3-9b83-0eb7d86cbc18', '1e2bf3bc-4e13-4413-8c48-29931ba7efbf', NULL, NULL, 'ride', 'cancelled', 121.27, '{"lat": 29.775471735742265, "lng": -95.35179339529772, "address": "84924 Railway Street"}', '{"lat": 29.71781377156112, "lng": -95.36500206341951, "address": "9888 E Market Street"}');
INSERT INTO payments (order_id, customer_id, amount, status) VALUES ('c3fd77fa-6ecc-4fa3-9b83-0eb7d86cbc18', '1e2bf3bc-4e13-4413-8c48-29931ba7efbf', 121.27, 'refunded');
INSERT INTO orders (id, customer_id, merchant_id, driver_id, service_type, status, total_amount, pickup_location, dropoff_location) VALUES ('aa97857a-983f-405a-b755-3639661292c5', 'aae03b6a-ebe2-4cb0-b008-c602f3d58725', NULL, '7a69edbd-4c48-4709-a880-56bb66b6940b', 'courier', 'accepted', 62.37, '{"lat": 34.08254673713217, "lng": -118.23527378074128, "address": "2320 E Main Street"}', '{"lat": 34.03839538701612, "lng": -118.27979076667742, "address": "3387 Front Street"}');
INSERT INTO payments (order_id, customer_id, amount, status) VALUES ('aa97857a-983f-405a-b755-3639661292c5', 'aae03b6a-ebe2-4cb0-b008-c602f3d58725', 62.37, 'pending');
INSERT INTO orders (id, customer_id, merchant_id, driver_id, service_type, status, total_amount, pickup_location, dropoff_location) VALUES ('abfd1c96-7a70-4106-b83c-d3cce9cba5a7', '96f13524-c80f-490a-a629-ba388b5ca08d', NULL, NULL, 'courier', 'accepted', 130.73, '{"lat": 33.45450965875846, "lng": -112.11540926575321, "address": "9262 S Railroad Street"}', '{"lat": 33.491906749812046, "lng": -112.09129211184224, "address": "225 Kertzmann Harbor"}');
INSERT INTO payments (order_id, customer_id, amount, status) VALUES ('abfd1c96-7a70-4106-b83c-d3cce9cba5a7', '96f13524-c80f-490a-a629-ba388b5ca08d', 130.73, 'pending');
INSERT INTO orders (id, customer_id, merchant_id, driver_id, service_type, status, total_amount, pickup_location, dropoff_location) VALUES ('7b67eb14-a2a2-4729-a74e-45e8045f7fd6', '5d4bb0f2-b6df-43d8-8fa9-3b4df0f57ec3', NULL, 'e2138acc-1d1e-4f9b-858d-286d2e496e38', 'courier', 'accepted', 81.43, '{"lat": 29.79982398041242, "lng": -95.37166110362499, "address": "340 Llewellyn Crest"}', '{"lat": 29.809718635632763, "lng": -95.39422110502296, "address": "25429 Roman Road"}');
INSERT INTO payments (order_id, customer_id, amount, status) VALUES ('7b67eb14-a2a2-4729-a74e-45e8045f7fd6', '5d4bb0f2-b6df-43d8-8fa9-3b4df0f57ec3', 81.43, 'pending');
INSERT INTO orders (id, customer_id, merchant_id, driver_id, service_type, status, total_amount, pickup_location, dropoff_location) VALUES ('9af4e549-1886-4598-8f51-05c8e64eeae4', '8dd1ab4f-418b-4359-8eb3-48c989c8efec', NULL, '07338684-9939-47fb-92e7-dd03ec23943f', 'ride', 'pending', 90.81, '{"lat": 40.68795937928458, "lng": -74.05346056292537, "address": "439 Timothy Branch"}', '{"lat": 40.761892879745616, "lng": -74.03293933836551, "address": "52797 Flatley Landing"}');
INSERT INTO payments (order_id, customer_id, amount, status) VALUES ('9af4e549-1886-4598-8f51-05c8e64eeae4', '8dd1ab4f-418b-4359-8eb3-48c989c8efec', 90.81, 'pending');
INSERT INTO orders (id, customer_id, merchant_id, driver_id, service_type, status, total_amount, pickup_location, dropoff_location) VALUES ('93ed74a2-9580-4a30-a6c1-2b7be5065e54', '5d4bb0f2-b6df-43d8-8fa9-3b4df0f57ec3', NULL, '07338684-9939-47fb-92e7-dd03ec23943f', 'courier', 'pending', 58.52, '{"lat": 34.056425628715395, "lng": -118.23853679670124, "address": "44715 Jubilee Close"}', '{"lat": 34.06387167635456, "lng": -118.20688250123322, "address": "179 Bode Rue"}');
INSERT INTO payments (order_id, customer_id, amount, status) VALUES ('93ed74a2-9580-4a30-a6c1-2b7be5065e54', '5d4bb0f2-b6df-43d8-8fa9-3b4df0f57ec3', 58.52, 'pending');
INSERT INTO orders (id, customer_id, merchant_id, driver_id, service_type, status, total_amount, pickup_location, dropoff_location) VALUES ('35dde40f-72e8-44c9-a282-dc9edc8632da', 'b77c919d-5ec9-4c1d-bde2-1266813c7c08', '0970a998-ecbf-43c0-8d54-84d3300f5b5f', '3bac94fa-7c4c-451c-a3a4-a2938d7c2a2c', 'grocery', 'accepted', 112.89, '{"lat": 34.043805298236386, "lng": -118.23066889910642, "address": "5144 Herzog Union"}', '{"lat": 34.08878596898812, "lng": -118.23777294972028, "address": "7278 Hazel Plains"}');
INSERT INTO payments (order_id, customer_id, amount, status) VALUES ('35dde40f-72e8-44c9-a282-dc9edc8632da', 'b77c919d-5ec9-4c1d-bde2-1266813c7c08', 112.89, 'pending');
INSERT INTO orders (id, customer_id, merchant_id, driver_id, service_type, status, total_amount, pickup_location, dropoff_location) VALUES ('0f3828bd-c274-4419-87b7-e0c84165f4c4', '6e9fdaef-3be0-4c1e-8920-d2f1d6dcd7b5', NULL, 'a08f37c4-6b7f-4d40-a8de-1e7fc28edfdf', 'courier', 'in_transit', 86.85, '{"lat": 29.78322564870874, "lng": -95.36020376351175, "address": "87871 Woodlands Close"}', '{"lat": 29.718800014507472, "lng": -95.40969736253705, "address": "96305 Common Lane"}');
INSERT INTO payments (order_id, customer_id, amount, status) VALUES ('0f3828bd-c274-4419-87b7-e0c84165f4c4', '6e9fdaef-3be0-4c1e-8920-d2f1d6dcd7b5', 86.85, 'pending');
INSERT INTO orders (id, customer_id, merchant_id, driver_id, service_type, status, total_amount, pickup_location, dropoff_location) VALUES ('e3f0dcaa-2859-4d8c-ae16-5b70fec448ae', '0784c937-00b2-4f5b-a76a-ae189aa50b07', NULL, '50a8eabe-e596-49ff-b71f-10bd995ad57a', 'courier', 'completed', 47.08, '{"lat": 40.74516915401396, "lng": -73.97619469608048, "address": "3122 Meadow Lane"}', '{"lat": 40.732721459463285, "lng": -73.99993001433111, "address": "264 Abraham Crest"}');
INSERT INTO payments (order_id, customer_id, amount, status) VALUES ('e3f0dcaa-2859-4d8c-ae16-5b70fec448ae', '0784c937-00b2-4f5b-a76a-ae189aa50b07', 47.08, 'succeeded');
INSERT INTO orders (id, customer_id, merchant_id, driver_id, service_type, status, total_amount, pickup_location, dropoff_location) VALUES ('4eb8971e-89bf-469d-aec3-906476de5bc8', '8dd1ab4f-418b-4359-8eb3-48c989c8efec', NULL, NULL, 'ride', 'cancelled', 23.46, '{"lat": 40.74114038552825, "lng": -73.99048372914314, "address": "902 W Oak Street"}', '{"lat": 40.72608512877328, "lng": -73.99370110565127, "address": "7658 2nd Avenue"}');
INSERT INTO payments (order_id, customer_id, amount, status) VALUES ('4eb8971e-89bf-469d-aec3-906476de5bc8', '8dd1ab4f-418b-4359-8eb3-48c989c8efec', 23.46, 'refunded');
INSERT INTO orders (id, customer_id, merchant_id, driver_id, service_type, status, total_amount, pickup_location, dropoff_location) VALUES ('1f71dc59-5b88-4691-95ec-df66126c7565', '293b54f0-a0c3-41ab-9a04-74c29fe30fee', '327efd06-f96c-4d2b-b6c4-a5cf9fa6af42', NULL, 'grocery', 'in_transit', 70.65, '{"lat": 40.72093966572227, "lng": -73.96972743979292, "address": "4610 Walnut Street"}', '{"lat": 40.750801226151, "lng": -73.99005877845934, "address": "37216 Tremblay Island"}');
INSERT INTO payments (order_id, customer_id, amount, status) VALUES ('1f71dc59-5b88-4691-95ec-df66126c7565', '293b54f0-a0c3-41ab-9a04-74c29fe30fee', 70.65, 'pending');
INSERT INTO orders (id, customer_id, merchant_id, driver_id, service_type, status, total_amount, pickup_location, dropoff_location) VALUES ('0a972d4c-4a78-4cf8-8f0d-ba732c3fdef5', 'b77c919d-5ec9-4c1d-bde2-1266813c7c08', NULL, NULL, 'ride', 'completed', 147.57, '{"lat": 40.68565976195555, "lng": -73.9763446945046, "address": "31240 Jordan Fords"}', '{"lat": 40.71285522332552, "lng": -73.99467925013293, "address": "526 Fisher Circles"}');
INSERT INTO payments (order_id, customer_id, amount, status) VALUES ('0a972d4c-4a78-4cf8-8f0d-ba732c3fdef5', 'b77c919d-5ec9-4c1d-bde2-1266813c7c08', 147.57, 'succeeded');
INSERT INTO orders (id, customer_id, merchant_id, driver_id, service_type, status, total_amount, pickup_location, dropoff_location) VALUES ('59233942-03fc-435c-a99c-9975d505e338', 'dd542fde-8105-4efd-b263-3a7518564680', '3a472712-a8df-425c-a172-8afb811409a6', '6bdbdb2c-31e9-42a5-82c1-fcb3c084dc77', 'grocery', 'pending', 13.98, '{"lat": 29.724528218222446, "lng": -95.37895564086341, "address": "5586 E 12th Street"}', '{"lat": 29.7924575202727, "lng": -95.36562515314351, "address": "88880 Walnut Street"}');
INSERT INTO payments (order_id, customer_id, amount, status) VALUES ('59233942-03fc-435c-a99c-9975d505e338', 'dd542fde-8105-4efd-b263-3a7518564680', 13.98, 'pending');
INSERT INTO orders (id, customer_id, merchant_id, driver_id, service_type, status, total_amount, pickup_location, dropoff_location) VALUES ('76b3d4a2-f46b-4a94-87d8-63a750fcaf35', 'de166d44-b2ab-423b-acf4-82645ccb14f7', NULL, 'd732da4b-44bb-4dd8-9494-c15072f5cd1a', 'ride', 'pending', 81.94, '{"lat": 41.883962205656175, "lng": -87.59642691306844, "address": "87474 Hermann Lakes"}', '{"lat": 41.85526952845852, "lng": -87.60565904474248, "address": "1758 Halvorson Spurs"}');
INSERT INTO payments (order_id, customer_id, amount, status) VALUES ('76b3d4a2-f46b-4a94-87d8-63a750fcaf35', 'de166d44-b2ab-423b-acf4-82645ccb14f7', 81.94, 'pending');
INSERT INTO orders (id, customer_id, merchant_id, driver_id, service_type, status, total_amount, pickup_location, dropoff_location) VALUES ('be4c7457-cb6e-4ddb-920a-309cd10c8b82', '45c20621-924b-41f4-98c3-536bb27bba3d', '0970a998-ecbf-43c0-8d54-84d3300f5b5f', NULL, 'grocery', 'in_transit', 132.22, '{"lat": 29.790747648076852, "lng": -95.32241741910838, "address": "1922 Market Square"}', '{"lat": 29.768594926826797, "lng": -95.3583177976108, "address": "86482 Jeff Drives"}');
INSERT INTO payments (order_id, customer_id, amount, status) VALUES ('be4c7457-cb6e-4ddb-920a-309cd10c8b82', '45c20621-924b-41f4-98c3-536bb27bba3d', 132.22, 'pending');
INSERT INTO orders (id, customer_id, merchant_id, driver_id, service_type, status, total_amount, pickup_location, dropoff_location) VALUES ('b2ef7902-6976-4bcb-9d29-c27e27caa728', '6e9fdaef-3be0-4c1e-8920-d2f1d6dcd7b5', NULL, '7a69edbd-4c48-4709-a880-56bb66b6940b', 'ride', 'completed', 23.02, '{"lat": 41.85697904782061, "lng": -87.63706900635162, "address": "37033 Oakfield Road"}', '{"lat": 41.91864980295669, "lng": -87.66459478538457, "address": "89044 Sean Lodge"}');
INSERT INTO payments (order_id, customer_id, amount, status) VALUES ('b2ef7902-6976-4bcb-9d29-c27e27caa728', '6e9fdaef-3be0-4c1e-8920-d2f1d6dcd7b5', 23.02, 'succeeded');
INSERT INTO orders (id, customer_id, merchant_id, driver_id, service_type, status, total_amount, pickup_location, dropoff_location) VALUES ('e6965dd5-65de-4641-a438-3bdbe9494fc2', '45c20621-924b-41f4-98c3-536bb27bba3d', '143a8e64-2592-48b4-b2df-e3fc8ac09d1b', NULL, 'grocery', 'cancelled', 81.65, '{"lat": 29.715743518026258, "lng": -95.34956747364843, "address": "9691 Kilback Terrace"}', '{"lat": 29.75515334844853, "lng": -95.34841003283617, "address": "84677 Gloucester Road"}');
INSERT INTO payments (order_id, customer_id, amount, status) VALUES ('e6965dd5-65de-4641-a438-3bdbe9494fc2', '45c20621-924b-41f4-98c3-536bb27bba3d', 81.65, 'refunded');
INSERT INTO orders (id, customer_id, merchant_id, driver_id, service_type, status, total_amount, pickup_location, dropoff_location) VALUES ('1dcb2714-4800-4166-b917-d64c22cedd4f', '7bacc645-f6c1-4652-904c-4d9cfa54fb83', '088e8e36-8552-42db-97c2-391a5ea78300', NULL, 'grocery', 'cancelled', 68.58, '{"lat": 41.92336372285463, "lng": -87.63271736421873, "address": "33223 Hilda Via"}', '{"lat": 41.85145433625583, "lng": -87.66247313471146, "address": "641 Orchard Drive"}');
INSERT INTO payments (order_id, customer_id, amount, status) VALUES ('1dcb2714-4800-4166-b917-d64c22cedd4f', '7bacc645-f6c1-4652-904c-4d9cfa54fb83', 68.58, 'refunded');
INSERT INTO orders (id, customer_id, merchant_id, driver_id, service_type, status, total_amount, pickup_location, dropoff_location) VALUES ('7115c09d-ab5d-49ec-aae0-9f676086356b', '4aa1b534-e9a3-45c5-8d3b-1daf0200daa6', NULL, '30d980d0-c3d2-4808-a2c3-109ae0628365', 'courier', 'completed', 147.89, '{"lat": 34.035905911010374, "lng": -118.23230149422946, "address": "22811 Kassulke Station"}', '{"lat": 34.084266028915614, "lng": -118.27674225591065, "address": "8020 Vandervort Cove"}');
INSERT INTO payments (order_id, customer_id, amount, status) VALUES ('7115c09d-ab5d-49ec-aae0-9f676086356b', '4aa1b534-e9a3-45c5-8d3b-1daf0200daa6', 147.89, 'succeeded');
INSERT INTO orders (id, customer_id, merchant_id, driver_id, service_type, status, total_amount, pickup_location, dropoff_location) VALUES ('071ed9ee-b5ac-4016-904b-2a4c7f625815', '89941649-3352-46dd-9159-3eb31136c20e', NULL, 'b1d91795-b9dd-40ab-a2ed-2eacc21a542d', 'courier', 'cancelled', 114.21, '{"lat": 40.737896460251484, "lng": -74.0415829169266, "address": "4803 Evelyn Crest"}', '{"lat": 40.6645597234704, "lng": -74.04580400218364, "address": "78281 Nova Meadows"}');
INSERT INTO payments (order_id, customer_id, amount, status) VALUES ('071ed9ee-b5ac-4016-904b-2a4c7f625815', '89941649-3352-46dd-9159-3eb31136c20e', 114.21, 'refunded');

-- Restore Triggers
SET session_replication_role = 'origin';
